{
	"parent": "item/handheld",
	"textures": {
		"layer0": "items/stone_sword"
	},
	"overrides": [
		{ "predicate": {"damaged": 0, "damage": 0}, "model": "item/stone_sword"},
		{ "predicate": {"damaged": 0, "damage": 0.007575757575757576}, "model": "item/custom/items/000"},
		{ "predicate": {"damaged": 0, "damage": 0.015151515151515152}, "model": "item/custom/items/001"},
		{ "predicate": {"damaged": 0, "damage": 0.022727272727272728}, "model": "item/custom/items/002"},
		{ "predicate": {"damaged": 0, "damage": 0.030303030303030304}, "model": "item/custom/items/003"},
		{ "predicate": {"damaged": 0, "damage": 0.03787878787878788}, "model": "item/custom/items/004"},
		{ "predicate": {"damaged": 0, "damage": 0.045454545454545456}, "model": "item/custom/items/005"},
		{ "predicate": {"damaged": 0, "damage": 0.05303030303030303}, "model": "item/custom/items/006"},
		{ "predicate": {"damaged": 0, "damage": 0.06060606060606061}, "model": "item/custom/items/007"},
		{ "predicate": {"damaged": 0, "damage": 0.06818181818181818}, "model": "item/custom/items/008"},
		{ "predicate": {"damaged": 0, "damage": 0.07575757575757576}, "model": "item/custom/items/009"},
		{ "predicate": {"damaged": 0, "damage": 0.08333333333333334}, "model": "item/custom/items/010"},
		{ "predicate": {"damaged": 0, "damage": 0.09090909090909091}, "model": "item/custom/items/011"},
		{ "predicate": {"damaged": 0, "damage": 0.09848484848484848}, "model": "item/custom/items/012"},
		{ "predicate": {"damaged": 0, "damage": 0.10606060606060606}, "model": "item/custom/items/013"},
		{ "predicate": {"damaged": 0, "damage": 0.11363636363636365}, "model": "item/custom/items/014"},
		{ "predicate": {"damaged": 0, "damage": 0.12121212121212122}, "model": "item/custom/items/015"},
		{ "predicate": {"damaged": 0, "damage": 0.12878787878787878}, "model": "item/custom/items/016"},
		{ "predicate": {"damaged": 0, "damage": 0.13636363636363635}, "model": "item/custom/items/017"},
		{ "predicate": {"damaged": 0, "damage": 0.14393939393939395}, "model": "item/custom/items/018"},
		{ "predicate": {"damaged": 0, "damage": 0.15151515151515152}, "model": "item/custom/items/019"},
		{ "predicate": {"damaged": 0, "damage": 0.1590909090909091}, "model": "item/custom/items/020"},
		{ "predicate": {"damaged": 0, "damage": 0.16666666666666669}, "model": "item/custom/items/021"},
		{ "predicate": {"damaged": 0, "damage": 0.17424242424242425}, "model": "item/custom/items/022"},
		{ "predicate": {"damaged": 0, "damage": 0.18181818181818182}, "model": "item/custom/items/023"},
		{ "predicate": {"damaged": 0, "damage": 0.1893939393939394}, "model": "item/custom/items/024"},
		{ "predicate": {"damaged": 0, "damage": 0.19696969696969696}, "model": "item/custom/items/025"},
		{ "predicate": {"damaged": 0, "damage": 0.20454545454545456}, "model": "item/custom/items/026"},
		{ "predicate": {"damaged": 0, "damage": 0.21212121212121213}, "model": "item/custom/items/027"},
		{ "predicate": {"damaged": 0, "damage": 0.2196969696969697}, "model": "item/custom/items/028"},
		{ "predicate": {"damaged": 0, "damage": 0.2272727272727273}, "model": "item/custom/items/029"},
		{ "predicate": {"damaged": 0, "damage": 0.23484848484848486}, "model": "item/custom/items/030"},
		{ "predicate": {"damaged": 0, "damage": 0.24242424242424243}, "model": "item/custom/items/031"},
		{ "predicate": {"damaged": 0, "damage": 0.25}, "model": "item/custom/items/032"},
		{ "predicate": {"damaged": 0, "damage": 0.25757575757575757}, "model": "item/custom/items/033"},
		{ "predicate": {"damaged": 0, "damage": 0.26515151515151514}, "model": "item/custom/items/034"},
		{ "predicate": {"damaged": 0, "damage": 0.2727272727272727}, "model": "item/custom/items/035"},
		{ "predicate": {"damaged": 0, "damage": 0.28030303030303033}, "model": "item/custom/items/036"},
		{ "predicate": {"damaged": 0, "damage": 0.2878787878787879}, "model": "item/custom/items/037"},
		{ "predicate": {"damaged": 0, "damage": 0.29545454545454547}, "model": "item/custom/items/038"},
		{ "predicate": {"damaged": 0, "damage": 0.30303030303030304}, "model": "item/custom/items/039"},
		{ "predicate": {"damaged": 0, "damage": 0.3106060606060606}, "model": "item/custom/items/040"},
		{ "predicate": {"damaged": 0, "damage": 0.3181818181818182}, "model": "item/custom/items/041"},
		{ "predicate": {"damaged": 0, "damage": 0.32575757575757575}, "model": "item/custom/items/042"},
		{ "predicate": {"damaged": 0, "damage": 0.33333333333333337}, "model": "item/custom/items/043"},
		{ "predicate": {"damaged": 0, "damage": 0.34090909090909094}, "model": "item/custom/items/044"},
		{ "predicate": {"damaged": 0, "damage": 0.3484848484848485}, "model": "item/custom/items/045"},
		{ "predicate": {"damaged": 0, "damage": 0.3560606060606061}, "model": "item/custom/items/046"},
		{ "predicate": {"damaged": 0, "damage": 0.36363636363636365}, "model": "item/custom/items/047"},
		{ "predicate": {"damaged": 0, "damage": 0.3712121212121212}, "model": "item/custom/items/048"},
		{ "predicate": {"damaged": 0, "damage": 0.3787878787878788}, "model": "item/custom/items/049"},
		{ "predicate": {"damaged": 0, "damage": 0.38636363636363635}, "model": "item/custom/items/050"},
		{ "predicate": {"damaged": 0, "damage": 0.3939393939393939}, "model": "item/custom/items/051"},
		{ "predicate": {"damaged": 0, "damage": 0.40151515151515155}, "model": "item/custom/items/052"},
		{ "predicate": {"damaged": 0, "damage": 0.4090909090909091}, "model": "item/custom/items/053"},
		{ "predicate": {"damaged": 0, "damage": 0.4166666666666667}, "model": "item/custom/items/054"},
		{ "predicate": {"damaged": 0, "damage": 0.42424242424242425}, "model": "item/custom/items/055"},
		{ "predicate": {"damaged": 0, "damage": 0.4318181818181818}, "model": "item/custom/items/056"},
		{ "predicate": {"damaged": 0, "damage": 0.4393939393939394}, "model": "item/custom/items/057"},
		{ "predicate": {"damaged": 0, "damage": 0.44696969696969696}, "model": "item/custom/items/058"},
		{ "predicate": {"damaged": 0, "damage": 0.4545454545454546}, "model": "item/custom/items/059"},
		{ "predicate": {"damaged": 0, "damage": 0.46212121212121215}, "model": "item/custom/items/060"},
		{ "predicate": {"damaged": 0, "damage": 0.4696969696969697}, "model": "item/custom/items/061"},
		{ "predicate": {"damaged": 0, "damage": 0.4772727272727273}, "model": "item/custom/items/062"},
		{ "predicate": {"damaged": 0, "damage": 0.48484848484848486}, "model": "item/custom/items/063"},
		{ "predicate": {"damaged": 0, "damage": 0.49242424242424243}, "model": "item/custom/items/064"},
		{ "predicate": {"damaged": 0, "damage": 0.5}, "model": "item/custom/items/065"},
		{ "predicate": {"damaged": 0, "damage": 0.5075757575757576}, "model": "item/custom/items/066"},
		{ "predicate": {"damaged": 0, "damage": 0.5151515151515151}, "model": "item/custom/items/067"},
		{ "predicate": {"damaged": 0, "damage": 0.5227272727272727}, "model": "item/custom/items/068"},
		{ "predicate": {"damaged": 0, "damage": 0.5303030303030303}, "model": "item/custom/items/069"},
		{ "predicate": {"damaged": 0, "damage": 0.5378787878787878}, "model": "item/custom/items/070"},
		{ "predicate": {"damaged": 0, "damage": 0.5454545454545454}, "model": "item/custom/items/071"},
		{ "predicate": {"damaged": 0, "damage": 0.5530303030303031}, "model": "item/custom/items/072"},
		{ "predicate": {"damaged": 0, "damage": 0.5606060606060607}, "model": "item/custom/items/073"},
		{ "predicate": {"damaged": 0, "damage": 0.5681818181818182}, "model": "item/custom/items/074"},
		{ "predicate": {"damaged": 0, "damage": 0.5757575757575758}, "model": "item/custom/items/075"},
		{ "predicate": {"damaged": 0, "damage": 0.5833333333333334}, "model": "item/custom/items/076"},
		{ "predicate": {"damaged": 0, "damage": 0.5909090909090909}, "model": "item/custom/items/077"},
		{ "predicate": {"damaged": 0, "damage": 0.5984848484848485}, "model": "item/custom/items/078"},
		{ "predicate": {"damaged": 0, "damage": 0.6060606060606061}, "model": "item/custom/items/079"},
		{ "predicate": {"damaged": 0, "damage": 0.6136363636363636}, "model": "item/custom/items/080"},
		{ "predicate": {"damaged": 0, "damage": 0.6212121212121212}, "model": "item/custom/items/081"},
		{ "predicate": {"damaged": 0, "damage": 0.6287878787878788}, "model": "item/custom/items/082"},
		{ "predicate": {"damaged": 0, "damage": 0.6363636363636364}, "model": "item/custom/items/083"},
		{ "predicate": {"damaged": 0, "damage": 0.6439393939393939}, "model": "item/custom/items/084"},
		{ "predicate": {"damaged": 0, "damage": 0.6515151515151515}, "model": "item/custom/items/085"},
		{ "predicate": {"damaged": 0, "damage": 0.6590909090909091}, "model": "item/custom/items/086"},
		{ "predicate": {"damaged": 0, "damage": 0.6666666666666667}, "model": "item/custom/items/087"},
		{ "predicate": {"damaged": 0, "damage": 0.6742424242424243}, "model": "item/custom/items/088"},
		{ "predicate": {"damaged": 0, "damage": 0.6818181818181819}, "model": "item/custom/items/089"},
		{ "predicate": {"damaged": 0, "damage": 0.6893939393939394}, "model": "item/custom/items/090"},
		{ "predicate": {"damaged": 0, "damage": 0.696969696969697}, "model": "item/custom/items/091"},
		{ "predicate": {"damaged": 0, "damage": 0.7045454545454546}, "model": "item/custom/items/092"},
		{ "predicate": {"damaged": 0, "damage": 0.7121212121212122}, "model": "item/custom/items/093"},
		{ "predicate": {"damaged": 0, "damage": 0.7196969696969697}, "model": "item/custom/items/094"},
		{ "predicate": {"damaged": 0, "damage": 0.7272727272727273}, "model": "item/custom/items/095"},
		{ "predicate": {"damaged": 0, "damage": 0.7348484848484849}, "model": "item/custom/items/096"},
		{ "predicate": {"damaged": 0, "damage": 0.7424242424242424}, "model": "item/custom/items/097"},
		{ "predicate": {"damaged": 0, "damage": 0.75}, "model": "item/custom/items/098"},
		{ "predicate": {"damaged": 0, "damage": 0.7575757575757576}, "model": "item/custom/items/099"},
		{ "predicate": {"damaged": 0, "damage": 0.7651515151515151}, "model": "item/custom/items/100"},
		{ "predicate": {"damaged": 0, "damage": 0.7727272727272727}, "model": "item/custom/items/101"},
		{ "predicate": {"damaged": 0, "damage": 0.7803030303030303}, "model": "item/custom/items/102"},
		{ "predicate": {"damaged": 0, "damage": 0.7878787878787878}, "model": "item/custom/items/103"},
		{ "predicate": {"damaged": 0, "damage": 0.7954545454545455}, "model": "item/custom/items/104"},
		{ "predicate": {"damaged": 0, "damage": 0.8030303030303031}, "model": "item/custom/items/105"},
		{ "predicate": {"damaged": 0, "damage": 0.8106060606060607}, "model": "item/custom/items/106"},
		{ "predicate": {"damaged": 0, "damage": 0.8181818181818182}, "model": "item/custom/items/107"},
		{ "predicate": {"damaged": 0, "damage": 0.8257575757575758}, "model": "item/custom/items/108"},
		{ "predicate": {"damaged": 0, "damage": 0.8333333333333334}, "model": "item/custom/items/109"},
		{ "predicate": {"damaged": 0, "damage": 0.8409090909090909}, "model": "item/custom/items/110"},
		{ "predicate": {"damaged": 0, "damage": 0.8484848484848485}, "model": "item/custom/items/111"},
		{ "predicate": {"damaged": 0, "damage": 0.8560606060606061}, "model": "item/custom/items/112"},
		{ "predicate": {"damaged": 0, "damage": 0.8636363636363636}, "model": "item/custom/items/113"},
		{ "predicate": {"damaged": 0, "damage": 0.8712121212121212}, "model": "item/custom/items/114"},
		{ "predicate": {"damaged": 0, "damage": 0.8787878787878788}, "model": "item/custom/items/115"},
		{ "predicate": {"damaged": 0, "damage": 0.8863636363636364}, "model": "item/custom/items/116"},
		{ "predicate": {"damaged": 0, "damage": 0.8939393939393939}, "model": "item/custom/items/117"},
		{ "predicate": {"damaged": 0, "damage": 0.9015151515151515}, "model": "item/custom/items/118"},
		{ "predicate": {"damaged": 0, "damage": 0.9090909090909092}, "model": "item/custom/items/119"},
		{ "predicate": {"damaged": 0, "damage": 0.9166666666666667}, "model": "item/custom/items/120"},
		{ "predicate": {"damaged": 0, "damage": 0.9242424242424243}, "model": "item/custom/items/121"},
		{ "predicate": {"damaged": 0, "damage": 0.9318181818181819}, "model": "item/custom/items/122"},
		{ "predicate": {"damaged": 0, "damage": 0.9393939393939394}, "model": "item/custom/items/123"},
		{ "predicate": {"damaged": 0, "damage": 0.946969696969697}, "model": "item/custom/items/124"},
		{ "predicate": {"damaged": 0, "damage": 0.9545454545454546}, "model": "item/custom/items/125"},
		{ "predicate": {"damaged": 0, "damage": 0.9621212121212122}, "model": "item/custom/items/126"},
		{ "predicate": {"damaged": 0, "damage": 0.9696969696969697}, "model": "item/custom/items/127"},
		{ "predicate": {"damaged": 0, "damage": 0.9772727272727273}, "model": "item/custom/items/128"},
		{ "predicate": {"damaged": 0, "damage": 0.9848484848484849}, "model": "item/custom/items/129"},
		{ "predicate": {"damaged": 0, "damage": 0.9924242424242424}, "model": "item/custom/items/130"},
		{ "predicate": {"damaged": 1, "damage": 0}, "model": "item/stone_sword"}
	]
}