{
"__comment": "Designed by Flashtt with BDcraft Cubik PRO 0.96 Beta - http://bdcraft.net",
"textures": {
    "texture": "items/custom/iron_sword/Wind_Sword/Wind_Sword"
},
"elements": [ 
{
    "__comment": "Wind_Sword x32",
    "from": [ 0.5, 12, 7.5 ],
    "to": [ 7, 12.5, 8.5 ],
    "faces": {
        "down":  { "uv": [ 0.5, 4, 7, 3.5 ], "texture": "#texture" },
        "up":    { "uv": [ 0.5, 3.5, 7, 4 ], "texture": "#texture" },
        "north": { "uv": [ 7, 3.5, 0.5, 4 ], "texture": "#texture" },
        "south": { "uv": [ 0.5, 3.5, 7, 4 ], "texture": "#texture" },
        "west":  { "uv": [ 0.5, 3.5, 1, 4 ], "texture": "#texture" },
        "east":  { "uv": [ 7, 3.5, 6.5, 4 ], "texture": "#texture" }
    }
},
{
    "__comment": "Wind_Sword x32",
    "from": [ 1, 11.5, 7.5 ],
    "to": [ 5, 12, 8.5 ],
    "faces": {
        "down":  { "uv": [ 1, 4.5, 5, 4 ], "texture": "#texture" },
        "up":    { "uv": [ 1, 4, 5, 4.5 ], "texture": "#texture" },
        "north": { "uv": [ 5, 4, 1, 4.5 ], "texture": "#texture" },
        "south": { "uv": [ 1, 4, 5, 4.5 ], "texture": "#texture" },
        "west":  { "uv": [ 1, 4, 1.5, 4.5 ], "texture": "#texture" },
        "east":  { "uv": [ 5, 4, 4.5, 4.5 ], "texture": "#texture" }
    }
},
{
    "__comment": "Wind_Sword x32",
    "from": [ 1.5, 13.5, 7.5 ],
    "to": [ 2, 14.5, 8.5 ],
    "faces": {
        "down":  { "uv": [ 1.5, 2.5, 2, 2 ], "texture": "#texture" },
        "up":    { "uv": [ 1.5, 1.5, 2, 2 ], "texture": "#texture" },
        "north": { "uv": [ 2, 1.5, 1.5, 2.5 ], "texture": "#texture" },
        "south": { "uv": [ 1.5, 1.5, 2, 2.5 ], "texture": "#texture" },
        "west":  { "uv": [ 1.5, 1.5, 2, 2.5 ], "texture": "#texture" },
        "east":  { "uv": [ 2, 1.5, 1.5, 2.5 ], "texture": "#texture" }
    }
},
{
    "__comment": "Wind_Sword x32",
    "from": [ 2, 14, 7.5 ],
    "to": [ 2.5, 14.5, 8.5 ],
    "faces": {
        "down":  { "uv": [ 2, 2, 2.5, 1.5 ], "texture": "#texture" },
        "up":    { "uv": [ 2, 1.5, 2.5, 2 ], "texture": "#texture" },
        "north": { "uv": [ 2.5, 1.5, 2, 2 ], "texture": "#texture" },
        "south": { "uv": [ 2, 1.5, 2.5, 2 ], "texture": "#texture" },
        "west":  { "uv": [ 2, 1.5, 2.5, 2 ], "texture": "#texture" },
        "east":  { "uv": [ 2.5, 1.5, 2, 2 ], "texture": "#texture" }
    }
},
{
    "__comment": "Wind_Sword x32",
    "from": [ 2, 12.5, 7.5 ],
    "to": [ 4.5, 13.5, 8.5 ],
    "faces": {
        "down":  { "uv": [ 2, 3.5, 4.5, 3 ], "texture": "#texture" },
        "up":    { "uv": [ 2, 2.5, 4.5, 3 ], "texture": "#texture" },
        "north": { "uv": [ 4.5, 2.5, 2, 3.5 ], "texture": "#texture" },
        "south": { "uv": [ 2, 2.5, 4.5, 3.5 ], "texture": "#texture" },
        "west":  { "uv": [ 2, 2.5, 2.5, 3.5 ], "texture": "#texture" },
        "east":  { "uv": [ 4.5, 2.5, 4, 3.5 ], "texture": "#texture" }
    }
},
{
    "__comment": "Wind_Sword x32",
    "from": [ 2, 11, 7.5 ],
    "to": [ 2.5, 11.5, 8.5 ],
    "faces": {
        "down":  { "uv": [ 2, 5, 2.5, 4.5 ], "texture": "#texture" },
        "up":    { "uv": [ 2, 4.5, 2.5, 5 ], "texture": "#texture" },
        "north": { "uv": [ 2.5, 4.5, 2, 5 ], "texture": "#texture" },
        "south": { "uv": [ 2, 4.5, 2.5, 5 ], "texture": "#texture" },
        "west":  { "uv": [ 2, 4.5, 2.5, 5 ], "texture": "#texture" },
        "east":  { "uv": [ 2.5, 4.5, 2, 5 ], "texture": "#texture" }
    }
},
{
    "__comment": "Wind_Sword x32",
    "from": [ 2.5, 13.5, 7.5 ],
    "to": [ 5, 14, 8.5 ],
    "faces": {
        "down":  { "uv": [ 2.5, 2.5, 5, 2 ], "texture": "#texture" },
        "up":    { "uv": [ 2.5, 2, 5, 2.5 ], "texture": "#texture" },
        "north": { "uv": [ 5, 2, 2.5, 2.5 ], "texture": "#texture" },
        "south": { "uv": [ 2.5, 2, 5, 2.5 ], "texture": "#texture" },
        "west":  { "uv": [ 2.5, 2, 3, 2.5 ], "texture": "#texture" },
        "east":  { "uv": [ 5, 2, 4.5, 2.5 ], "texture": "#texture" }
    }
},
{
    "__comment": "Wind_Sword x32",
    "from": [ 3, 10, 7.5 ],
    "to": [ 4, 11.5, 8.5 ],
    "faces": {
        "down":  { "uv": [ 3, 6, 4, 5.5 ], "texture": "#texture" },
        "up":    { "uv": [ 3, 4.5, 4, 5 ], "texture": "#texture" },
        "north": { "uv": [ 4, 4.5, 3, 6 ], "texture": "#texture" },
        "south": { "uv": [ 3, 4.5, 4, 6 ], "texture": "#texture" },
        "west":  { "uv": [ 3, 4.5, 3.5, 6 ], "texture": "#texture" },
        "east":  { "uv": [ 4, 4.5, 3.5, 6 ], "texture": "#texture" }
    }
},
{
    "__comment": "Wind_Sword x32",
    "from": [ 3.5, 14, 7.5 ],
    "to": [ 4, 15.5, 8.5 ],
    "faces": {
        "down":  { "uv": [ 3.5, 2, 4, 1.5 ], "texture": "#texture" },
        "up":    { "uv": [ 3.5, 0.5, 4, 1 ], "texture": "#texture" },
        "north": { "uv": [ 4, 0.5, 3.5, 2 ], "texture": "#texture" },
        "south": { "uv": [ 3.5, 0.5, 4, 2 ], "texture": "#texture" },
        "west":  { "uv": [ 3.5, 0.5, 4, 2 ], "texture": "#texture" },
        "east":  { "uv": [ 4, 0.5, 3.5, 2 ], "texture": "#texture" }
    }
},
{
    "__comment": "Wind_Sword x32",
    "from": [ 3.5, 9, 7.5 ],
    "to": [ 10.5, 10, 8.5 ],
    "faces": {
        "down":  { "uv": [ 3.5, 7, 10.5, 6.5 ], "texture": "#texture" },
        "up":    { "uv": [ 3.5, 6, 10.5, 6.5 ], "texture": "#texture" },
        "north": { "uv": [ 10.5, 6, 3.5, 7 ], "texture": "#texture" },
        "south": { "uv": [ 3.5, 6, 10.5, 7 ], "texture": "#texture" },
        "west":  { "uv": [ 3.5, 6, 4, 7 ], "texture": "#texture" },
        "east":  { "uv": [ 10.5, 6, 10, 7 ], "texture": "#texture" }
    }
},
{
    "__comment": "Wind_Sword x32",
    "from": [ 4, 14, 7.5 ],
    "to": [ 4.5, 15, 8.5 ],
    "faces": {
        "down":  { "uv": [ 4, 2, 4.5, 1.5 ], "texture": "#texture" },
        "up":    { "uv": [ 4, 1, 4.5, 1.5 ], "texture": "#texture" },
        "north": { "uv": [ 4.5, 1, 4, 2 ], "texture": "#texture" },
        "south": { "uv": [ 4, 1, 4.5, 2 ], "texture": "#texture" },
        "west":  { "uv": [ 4, 1, 4.5, 2 ], "texture": "#texture" },
        "east":  { "uv": [ 4.5, 1, 4, 2 ], "texture": "#texture" }
    }
},
{
    "__comment": "Wind_Sword x32",
    "from": [ 4, 11, 7.5 ],
    "to": [ 9.5, 11.5, 8.5 ],
    "faces": {
        "down":  { "uv": [ 4, 5, 9.5, 4.5 ], "texture": "#texture" },
        "up":    { "uv": [ 4, 4.5, 9.5, 5 ], "texture": "#texture" },
        "north": { "uv": [ 9.5, 4.5, 4, 5 ], "texture": "#texture" },
        "south": { "uv": [ 4, 4.5, 9.5, 5 ], "texture": "#texture" },
        "west":  { "uv": [ 4, 4.5, 4.5, 5 ], "texture": "#texture" },
        "east":  { "uv": [ 9.5, 4.5, 9, 5 ], "texture": "#texture" }
    }
},
{
    "__comment": "Wind_Sword x32",
    "from": [ 4, 10, 7.5 ],
    "to": [ 5.5, 10.5, 8.5 ],
    "faces": {
        "down":  { "uv": [ 4, 6, 5.5, 5.5 ], "texture": "#texture" },
        "up":    { "uv": [ 4, 5.5, 5.5, 6 ], "texture": "#texture" },
        "north": { "uv": [ 5.5, 5.5, 4, 6 ], "texture": "#texture" },
        "south": { "uv": [ 4, 5.5, 5.5, 6 ], "texture": "#texture" },
        "west":  { "uv": [ 4, 5.5, 4.5, 6 ], "texture": "#texture" },
        "east":  { "uv": [ 5.5, 5.5, 5, 6 ], "texture": "#texture" }
    }
},
{
    "__comment": "Wind_Sword x32",
    "from": [ 4, 7.5, 7.5 ],
    "to": [ 12, 9, 8.5 ],
    "faces": {
        "down":  { "uv": [ 4, 8.5, 12, 8 ], "texture": "#texture" },
        "up":    { "uv": [ 4, 7, 12, 7.5 ], "texture": "#texture" },
        "north": { "uv": [ 12, 7, 4, 8.5 ], "texture": "#texture" },
        "south": { "uv": [ 4, 7, 12, 8.5 ], "texture": "#texture" },
        "west":  { "uv": [ 4, 7, 4.5, 8.5 ], "texture": "#texture" },
        "east":  { "uv": [ 12, 7, 11.5, 8.5 ], "texture": "#texture" }
    }
},
{
    "__comment": "Wind_Sword x32",
    "from": [ 4.5, 12.5, 7.5 ],
    "to": [ 6, 13, 8.5 ],
    "faces": {
        "down":  { "uv": [ 4.5, 3.5, 6, 3 ], "texture": "#texture" },
        "up":    { "uv": [ 4.5, 3, 6, 3.5 ], "texture": "#texture" },
        "north": { "uv": [ 6, 3, 4.5, 3.5 ], "texture": "#texture" },
        "south": { "uv": [ 4.5, 3, 6, 3.5 ], "texture": "#texture" },
        "west":  { "uv": [ 4.5, 3, 5, 3.5 ], "texture": "#texture" },
        "east":  { "uv": [ 6, 3, 5.5, 3.5 ], "texture": "#texture" }
    }
},
{
    "__comment": "Wind_Sword x32",
    "from": [ 4.5, 10.5, 7.5 ],
    "to": [ 5, 11, 8.5 ],
    "faces": {
        "down":  { "uv": [ 4.5, 5.5, 5, 5 ], "texture": "#texture" },
        "up":    { "uv": [ 4.5, 5, 5, 5.5 ], "texture": "#texture" },
        "north": { "uv": [ 5, 5, 4.5, 5.5 ], "texture": "#texture" },
        "south": { "uv": [ 4.5, 5, 5, 5.5 ], "texture": "#texture" },
        "west":  { "uv": [ 4.5, 5, 5, 5.5 ], "texture": "#texture" },
        "east":  { "uv": [ 5, 5, 4.5, 5.5 ], "texture": "#texture" }
    }
},
{
    "__comment": "Wind_Sword x32",
    "from": [ 4.5, 6.5, 7.5 ],
    "to": [ 8.5, 7.5, 8.5 ],
    "faces": {
        "down":  { "uv": [ 4.5, 9.5, 8.5, 9 ], "texture": "#texture" },
        "up":    { "uv": [ 4.5, 8.5, 8.5, 9 ], "texture": "#texture" },
        "north": { "uv": [ 8.5, 8.5, 4.5, 9.5 ], "texture": "#texture" },
        "south": { "uv": [ 4.5, 8.5, 8.5, 9.5 ], "texture": "#texture" },
        "west":  { "uv": [ 4.5, 8.5, 5, 9.5 ], "texture": "#texture" },
        "east":  { "uv": [ 8.5, 8.5, 8, 9.5 ], "texture": "#texture" }
    }
},
{
    "__comment": "Wind_Sword x32",
    "from": [ 4.5, 5.5, 7.5 ],
    "to": [ 5.5, 6, 8.5 ],
    "faces": {
        "down":  { "uv": [ 4.5, 10.5, 5.5, 10 ], "texture": "#texture" },
        "up":    { "uv": [ 4.5, 10, 5.5, 10.5 ], "texture": "#texture" },
        "north": { "uv": [ 5.5, 10, 4.5, 10.5 ], "texture": "#texture" },
        "south": { "uv": [ 4.5, 10, 5.5, 10.5 ], "texture": "#texture" },
        "west":  { "uv": [ 4.5, 10, 5, 10.5 ], "texture": "#texture" },
        "east":  { "uv": [ 5.5, 10, 5, 10.5 ], "texture": "#texture" }
    }
},
{
    "__comment": "Wind_Sword x32",
    "from": [ 5, 6, 7.5 ],
    "to": [ 13, 6.5, 8.5 ],
    "faces": {
        "down":  { "uv": [ 5, 10, 13, 9.5 ], "texture": "#texture" },
        "up":    { "uv": [ 5, 9.5, 13, 10 ], "texture": "#texture" },
        "north": { "uv": [ 13, 9.5, 5, 10 ], "texture": "#texture" },
        "south": { "uv": [ 5, 9.5, 13, 10 ], "texture": "#texture" },
        "west":  { "uv": [ 5, 9.5, 5.5, 10 ], "texture": "#texture" },
        "east":  { "uv": [ 13, 9.5, 12.5, 10 ], "texture": "#texture" }
    }
},
{
    "__comment": "Wind_Sword x32",
    "from": [ 5.5, 11.5, 7.5 ],
    "to": [ 8.5, 12, 8.5 ],
    "faces": {
        "down":  { "uv": [ 5.5, 4.5, 8.5, 4 ], "texture": "#texture" },
        "up":    { "uv": [ 5.5, 4, 8.5, 4.5 ], "texture": "#texture" },
        "north": { "uv": [ 8.5, 4, 5.5, 4.5 ], "texture": "#texture" },
        "south": { "uv": [ 5.5, 4, 8.5, 4.5 ], "texture": "#texture" },
        "west":  { "uv": [ 5.5, 4, 6, 4.5 ], "texture": "#texture" },
        "east":  { "uv": [ 8.5, 4, 8, 4.5 ], "texture": "#texture" }
    }
},
{
    "__comment": "Wind_Sword x32",
    "from": [ 5.5, 10.5, 7.5 ],
    "to": [ 10.5, 11, 8.5 ],
    "faces": {
        "down":  { "uv": [ 5.5, 5.5, 10.5, 5 ], "texture": "#texture" },
        "up":    { "uv": [ 5.5, 5, 10.5, 5.5 ], "texture": "#texture" },
        "north": { "uv": [ 10.5, 5, 5.5, 5.5 ], "texture": "#texture" },
        "south": { "uv": [ 5.5, 5, 10.5, 5.5 ], "texture": "#texture" },
        "west":  { "uv": [ 5.5, 5, 6, 5.5 ], "texture": "#texture" },
        "east":  { "uv": [ 10.5, 5, 10, 5.5 ], "texture": "#texture" }
    }
},
{
    "__comment": "Wind_Sword x32",
    "from": [ 6, 10, 7.5 ],
    "to": [ 10, 10.5, 8.5 ],
    "faces": {
        "down":  { "uv": [ 6, 6, 10, 5.5 ], "texture": "#texture" },
        "up":    { "uv": [ 6, 5.5, 10, 6 ], "texture": "#texture" },
        "north": { "uv": [ 10, 5.5, 6, 6 ], "texture": "#texture" },
        "south": { "uv": [ 6, 5.5, 10, 6 ], "texture": "#texture" },
        "west":  { "uv": [ 6, 5.5, 6.5, 6 ], "texture": "#texture" },
        "east":  { "uv": [ 10, 5.5, 9.5, 6 ], "texture": "#texture" }
    }
},
{
    "__comment": "Wind_Sword x32",
    "from": [ 6, 5.5, 7.5 ],
    "to": [ 13, 6, 8.5 ],
    "faces": {
        "down":  { "uv": [ 6, 10.5, 13, 10 ], "texture": "#texture" },
        "up":    { "uv": [ 6, 10, 13, 10.5 ], "texture": "#texture" },
        "north": { "uv": [ 13, 10, 6, 10.5 ], "texture": "#texture" },
        "south": { "uv": [ 6, 10, 13, 10.5 ], "texture": "#texture" },
        "west":  { "uv": [ 6, 10, 6.5, 10.5 ], "texture": "#texture" },
        "east":  { "uv": [ 13, 10, 12.5, 10.5 ], "texture": "#texture" }
    }
},
{
    "__comment": "Wind_Sword x32",
    "from": [ 6.5, 3.5, 7.5 ],
    "to": [ 7, 5.5, 8.5 ],
    "faces": {
        "down":  { "uv": [ 6.5, 12.5, 7, 12 ], "texture": "#texture" },
        "up":    { "uv": [ 6.5, 10.5, 7, 11 ], "texture": "#texture" },
        "north": { "uv": [ 7, 10.5, 6.5, 12.5 ], "texture": "#texture" },
        "south": { "uv": [ 6.5, 10.5, 7, 12.5 ], "texture": "#texture" },
        "west":  { "uv": [ 6.5, 10.5, 7, 12.5 ], "texture": "#texture" },
        "east":  { "uv": [ 7, 10.5, 6.5, 12.5 ], "texture": "#texture" }
    }
},
{
    "__comment": "Wind_Sword x32",
    "from": [ 7, 4, 7.5 ],
    "to": [ 13, 5.5, 8.5 ],
    "faces": {
        "down":  { "uv": [ 7, 12, 13, 11.5 ], "texture": "#texture" },
        "up":    { "uv": [ 7, 10.5, 13, 11 ], "texture": "#texture" },
        "north": { "uv": [ 13, 10.5, 7, 12 ], "texture": "#texture" },
        "south": { "uv": [ 7, 10.5, 13, 12 ], "texture": "#texture" },
        "west":  { "uv": [ 7, 10.5, 7.5, 12 ], "texture": "#texture" },
        "east":  { "uv": [ 13, 10.5, 12.5, 12 ], "texture": "#texture" }
    }
},
{
    "__comment": "Wind_Sword x32",
    "from": [ 7, 1, 7.5 ],
    "to": [ 7.5, 3, 8.5 ],
    "faces": {
        "down":  { "uv": [ 7, 15, 7.5, 14.5 ], "texture": "#texture" },
        "up":    { "uv": [ 7, 13, 7.5, 13.5 ], "texture": "#texture" },
        "north": { "uv": [ 7.5, 13, 7, 15 ], "texture": "#texture" },
        "south": { "uv": [ 7, 13, 7.5, 15 ], "texture": "#texture" },
        "west":  { "uv": [ 7, 13, 7.5, 15 ], "texture": "#texture" },
        "east":  { "uv": [ 7.5, 13, 7, 15 ], "texture": "#texture" }
    }
},
{
    "__comment": "Wind_Sword x32",
    "from": [ 7.5, 3.5, 7.5 ],
    "to": [ 14, 4, 8.5 ],
    "faces": {
        "down":  { "uv": [ 7.5, 12.5, 14, 12 ], "texture": "#texture" },
        "up":    { "uv": [ 7.5, 12, 14, 12.5 ], "texture": "#texture" },
        "north": { "uv": [ 14, 12, 7.5, 12.5 ], "texture": "#texture" },
        "south": { "uv": [ 7.5, 12, 14, 12.5 ], "texture": "#texture" },
        "west":  { "uv": [ 7.5, 12, 8, 12.5 ], "texture": "#texture" },
        "east":  { "uv": [ 14, 12, 13.5, 12.5 ], "texture": "#texture" }
    }
},
{
    "__comment": "Wind_Sword x32",
    "from": [ 7.5, 1.5, 7.5 ],
    "to": [ 8, 3, 8.5 ],
    "faces": {
        "down":  { "uv": [ 7.5, 14.5, 8, 14 ], "texture": "#texture" },
        "up":    { "uv": [ 7.5, 13, 8, 13.5 ], "texture": "#texture" },
        "north": { "uv": [ 8, 13, 7.5, 14.5 ], "texture": "#texture" },
        "south": { "uv": [ 7.5, 13, 8, 14.5 ], "texture": "#texture" },
        "west":  { "uv": [ 7.5, 13, 8, 14.5 ], "texture": "#texture" },
        "east":  { "uv": [ 8, 13, 7.5, 14.5 ], "texture": "#texture" }
    }
},
{
    "__comment": "Wind_Sword x32",
    "from": [ 8, 2, 7.5 ],
    "to": [ 8.5, 3.5, 8.5 ],
    "faces": {
        "down":  { "uv": [ 8, 14, 8.5, 13.5 ], "texture": "#texture" },
        "up":    { "uv": [ 8, 12.5, 8.5, 13 ], "texture": "#texture" },
        "north": { "uv": [ 8.5, 12.5, 8, 14 ], "texture": "#texture" },
        "south": { "uv": [ 8, 12.5, 8.5, 14 ], "texture": "#texture" },
        "west":  { "uv": [ 8, 12.5, 8.5, 14 ], "texture": "#texture" },
        "east":  { "uv": [ 8.5, 12.5, 8, 14 ], "texture": "#texture" }
    }
},
{
    "__comment": "Wind_Sword x32",
    "from": [ 8.5, 2.5, 7.5 ],
    "to": [ 9, 3.5, 8.5 ],
    "faces": {
        "down":  { "uv": [ 8.5, 13.5, 9, 13 ], "texture": "#texture" },
        "up":    { "uv": [ 8.5, 12.5, 9, 13 ], "texture": "#texture" },
        "north": { "uv": [ 9, 12.5, 8.5, 13.5 ], "texture": "#texture" },
        "south": { "uv": [ 8.5, 12.5, 9, 13.5 ], "texture": "#texture" },
        "west":  { "uv": [ 8.5, 12.5, 9, 13.5 ], "texture": "#texture" },
        "east":  { "uv": [ 9, 12.5, 8.5, 13.5 ], "texture": "#texture" }
    }
},
{
    "__comment": "Wind_Sword x32",
    "from": [ 9, 3, 7.5 ],
    "to": [ 15, 3.5, 8.5 ],
    "faces": {
        "down":  { "uv": [ 9, 13, 15, 12.5 ], "texture": "#texture" },
        "up":    { "uv": [ 9, 12.5, 15, 13 ], "texture": "#texture" },
        "north": { "uv": [ 15, 12.5, 9, 13 ], "texture": "#texture" },
        "south": { "uv": [ 9, 12.5, 15, 13 ], "texture": "#texture" },
        "west":  { "uv": [ 9, 12.5, 9.5, 13 ], "texture": "#texture" },
        "east":  { "uv": [ 15, 12.5, 14.5, 13 ], "texture": "#texture" }
    }
},
{
    "__comment": "Wind_Sword x32",
    "from": [ 9.5, 6.5, 7.5 ],
    "to": [ 13, 7.5, 8.5 ],
    "faces": {
        "down":  { "uv": [ 9.5, 9.5, 13, 9 ], "texture": "#texture" },
        "up":    { "uv": [ 9.5, 8.5, 13, 9 ], "texture": "#texture" },
        "north": { "uv": [ 13, 8.5, 9.5, 9.5 ], "texture": "#texture" },
        "south": { "uv": [ 9.5, 8.5, 13, 9.5 ], "texture": "#texture" },
        "west":  { "uv": [ 9.5, 8.5, 10, 9.5 ], "texture": "#texture" },
        "east":  { "uv": [ 13, 8.5, 12.5, 9.5 ], "texture": "#texture" }
    }
},
{
    "__comment": "Wind_Sword x32",
    "from": [ 10, 11, 7.5 ],
    "to": [ 10.5, 11.5, 8.5 ],
    "faces": {
        "down":  { "uv": [ 10, 5, 10.5, 4.5 ], "texture": "#texture" },
        "up":    { "uv": [ 10, 4.5, 10.5, 5 ], "texture": "#texture" },
        "north": { "uv": [ 10.5, 4.5, 10, 5 ], "texture": "#texture" },
        "south": { "uv": [ 10, 4.5, 10.5, 5 ], "texture": "#texture" },
        "west":  { "uv": [ 10, 4.5, 10.5, 5 ], "texture": "#texture" },
        "east":  { "uv": [ 10.5, 4.5, 10, 5 ], "texture": "#texture" }
    }
},
{
    "__comment": "Wind_Sword x32",
    "from": [ 10.5, 9, 7.5 ],
    "to": [ 12.5, 9.5, 8.5 ],
    "faces": {
        "down":  { "uv": [ 10.5, 7, 12.5, 6.5 ], "texture": "#texture" },
        "up":    { "uv": [ 10.5, 6.5, 12.5, 7 ], "texture": "#texture" },
        "north": { "uv": [ 12.5, 6.5, 10.5, 7 ], "texture": "#texture" },
        "south": { "uv": [ 10.5, 6.5, 12.5, 7 ], "texture": "#texture" },
        "west":  { "uv": [ 10.5, 6.5, 11, 7 ], "texture": "#texture" },
        "east":  { "uv": [ 12.5, 6.5, 12, 7 ], "texture": "#texture" }
    }
},
{
    "__comment": "Wind_Sword x32",
    "from": [ 11.5, 2.5, 7.5 ],
    "to": [ 15.5, 3, 8.5 ],
    "faces": {
        "down":  { "uv": [ 11.5, 13.5, 15.5, 13 ], "texture": "#texture" },
        "up":    { "uv": [ 11.5, 13, 15.5, 13.5 ], "texture": "#texture" },
        "north": { "uv": [ 15.5, 13, 11.5, 13.5 ], "texture": "#texture" },
        "south": { "uv": [ 11.5, 13, 15.5, 13.5 ], "texture": "#texture" },
        "west":  { "uv": [ 11.5, 13, 12, 13.5 ], "texture": "#texture" },
        "east":  { "uv": [ 15.5, 13, 15, 13.5 ], "texture": "#texture" }
    }
},
{
    "__comment": "Wind_Sword x32",
    "from": [ 12, 7.5, 7.5 ],
    "to": [ 12.5, 8.5, 8.5 ],
    "faces": {
        "down":  { "uv": [ 12, 8.5, 12.5, 8 ], "texture": "#texture" },
        "up":    { "uv": [ 12, 7.5, 12.5, 8 ], "texture": "#texture" },
        "north": { "uv": [ 12.5, 7.5, 12, 8.5 ], "texture": "#texture" },
        "south": { "uv": [ 12, 7.5, 12.5, 8.5 ], "texture": "#texture" },
        "west":  { "uv": [ 12, 7.5, 12.5, 8.5 ], "texture": "#texture" },
        "east":  { "uv": [ 12.5, 7.5, 12, 8.5 ], "texture": "#texture" }
    }
},
{
    "__comment": "Wind_Sword x32",
    "from": [ 12, 2, 7.5 ],
    "to": [ 15.5, 2.5, 8.5 ],
    "faces": {
        "down":  { "uv": [ 12, 14, 15.5, 13.5 ], "texture": "#texture" },
        "up":    { "uv": [ 12, 13.5, 15.5, 14 ], "texture": "#texture" },
        "north": { "uv": [ 15.5, 13.5, 12, 14 ], "texture": "#texture" },
        "south": { "uv": [ 12, 13.5, 15.5, 14 ], "texture": "#texture" },
        "west":  { "uv": [ 12, 13.5, 12.5, 14 ], "texture": "#texture" },
        "east":  { "uv": [ 15.5, 13.5, 15, 14 ], "texture": "#texture" }
    }
},
{
    "__comment": "Wind_Sword x32",
    "from": [ 12.5, 7.5, 7.5 ],
    "to": [ 14, 8, 8.5 ],
    "faces": {
        "down":  { "uv": [ 12.5, 8.5, 14, 8 ], "texture": "#texture" },
        "up":    { "uv": [ 12.5, 8, 14, 8.5 ], "texture": "#texture" },
        "north": { "uv": [ 14, 8, 12.5, 8.5 ], "texture": "#texture" },
        "south": { "uv": [ 12.5, 8, 14, 8.5 ], "texture": "#texture" },
        "west":  { "uv": [ 12.5, 8, 13, 8.5 ], "texture": "#texture" },
        "east":  { "uv": [ 14, 8, 13.5, 8.5 ], "texture": "#texture" }
    }
},
{
    "__comment": "Wind_Sword x32",
    "from": [ 12.5, 1, 7.5 ],
    "to": [ 14.5, 2, 8.5 ],
    "faces": {
        "down":  { "uv": [ 12.5, 15, 14.5, 14.5 ], "texture": "#texture" },
        "up":    { "uv": [ 12.5, 14, 14.5, 14.5 ], "texture": "#texture" },
        "north": { "uv": [ 14.5, 14, 12.5, 15 ], "texture": "#texture" },
        "south": { "uv": [ 12.5, 14, 14.5, 15 ], "texture": "#texture" },
        "west":  { "uv": [ 12.5, 14, 13, 15 ], "texture": "#texture" },
        "east":  { "uv": [ 14.5, 14, 14, 15 ], "texture": "#texture" }
    }
},
{
    "__comment": "Wind_Sword x32",
    "from": [ 13, 8, 7.5 ],
    "to": [ 14.5, 9, 8.5 ],
    "faces": {
        "down":  { "uv": [ 13, 8, 14.5, 7.5 ], "texture": "#texture" },
        "up":    { "uv": [ 13, 7, 14.5, 7.5 ], "texture": "#texture" },
        "north": { "uv": [ 14.5, 7, 13, 8 ], "texture": "#texture" },
        "south": { "uv": [ 13, 7, 14.5, 8 ], "texture": "#texture" },
        "west":  { "uv": [ 13, 7, 13.5, 8 ], "texture": "#texture" },
        "east":  { "uv": [ 14.5, 7, 14, 8 ], "texture": "#texture" }
    }
},
{
    "__comment": "Wind_Sword x32",
    "from": [ 13, 7, 7.5 ],
    "to": [ 13.5, 7.5, 8.5 ],
    "faces": {
        "down":  { "uv": [ 13, 9, 13.5, 8.5 ], "texture": "#texture" },
        "up":    { "uv": [ 13, 8.5, 13.5, 9 ], "texture": "#texture" },
        "north": { "uv": [ 13.5, 8.5, 13, 9 ], "texture": "#texture" },
        "south": { "uv": [ 13, 8.5, 13.5, 9 ], "texture": "#texture" },
        "west":  { "uv": [ 13, 8.5, 13.5, 9 ], "texture": "#texture" },
        "east":  { "uv": [ 13.5, 8.5, 13, 9 ], "texture": "#texture" }
    }
},
{
    "__comment": "Wind_Sword x32",
    "from": [ 13, 4, 7.5 ],
    "to": [ 13.5, 4.5, 8.5 ],
    "faces": {
        "down":  { "uv": [ 13, 12, 13.5, 11.5 ], "texture": "#texture" },
        "up":    { "uv": [ 13, 11.5, 13.5, 12 ], "texture": "#texture" },
        "north": { "uv": [ 13.5, 11.5, 13, 12 ], "texture": "#texture" },
        "south": { "uv": [ 13, 11.5, 13.5, 12 ], "texture": "#texture" },
        "west":  { "uv": [ 13, 11.5, 13.5, 12 ], "texture": "#texture" },
        "east":  { "uv": [ 13.5, 11.5, 13, 12 ], "texture": "#texture" }
    }
},
{
    "__comment": "Wind_Sword x32",
    "from": [ 13, 0.5, 7.5 ],
    "to": [ 14, 1, 8.5 ],
    "faces": {
        "down":  { "uv": [ 13, 15.5, 14, 15 ], "texture": "#texture" },
        "up":    { "uv": [ 13, 15, 14, 15.5 ], "texture": "#texture" },
        "north": { "uv": [ 14, 15, 13, 15.5 ], "texture": "#texture" },
        "south": { "uv": [ 13, 15, 14, 15.5 ], "texture": "#texture" },
        "west":  { "uv": [ 13, 15, 13.5, 15.5 ], "texture": "#texture" },
        "east":  { "uv": [ 14, 15, 13.5, 15.5 ], "texture": "#texture" }
    }
},
{
    "__comment": "Wind_Sword x32",
    "from": [ 14.5, 8.5, 7.5 ],
    "to": [ 15, 9, 8.5 ],
    "faces": {
        "down":  { "uv": [ 14.5, 7.5, 15, 7 ], "texture": "#texture" },
        "up":    { "uv": [ 14.5, 7, 15, 7.5 ], "texture": "#texture" },
        "north": { "uv": [ 15, 7, 14.5, 7.5 ], "texture": "#texture" },
        "south": { "uv": [ 14.5, 7, 15, 7.5 ], "texture": "#texture" },
        "west":  { "uv": [ 14.5, 7, 15, 7.5 ], "texture": "#texture" },
        "east":  { "uv": [ 15, 7, 14.5, 7.5 ], "texture": "#texture" }
    }
},
{
    "__comment": "Wind_Sword x32",
    "from": [ 14.5, 1.5, 7.5 ],
    "to": [ 15, 2, 8.5 ],
    "faces": {
        "down":  { "uv": [ 14.5, 14.5, 15, 14 ], "texture": "#texture" },
        "up":    { "uv": [ 14.5, 14, 15, 14.5 ], "texture": "#texture" },
        "north": { "uv": [ 15, 14, 14.5, 14.5 ], "texture": "#texture" },
        "south": { "uv": [ 14.5, 14, 15, 14.5 ], "texture": "#texture" },
        "west":  { "uv": [ 14.5, 14, 15, 14.5 ], "texture": "#texture" },
        "east":  { "uv": [ 15, 14, 14.5, 14.5 ], "texture": "#texture" }
    }
}
],
"display": {
    "thirdperson_righthand": {
        "rotation": [ 0, 90, -45 ],
        "translation": [ 0, 9, 2.8 ],
        "scale": [ 1.5, 1.5, 1 ]
    },
    "thirdperson_lefthand": {
        "rotation": [ 0, -90, 45 ],
        "translation": [ 0, 9, 2.8 ],
        "scale": [ 1.5, 1.5, 1 ]
    },
    "head": {
        "rotation": [ 0, 0, 90 ],
        "translation": [ 0, -18, 3.5 ],
        "scale": [ 2, 2, 1 ]
    },
    "ground": {
        "rotation": [ 0, 0, 78 ],
        "translation": [ 3.5, 0, 0 ],
        "scale": [ 1.5, 1.5, 1 ]
    },
    "fixed": {
        "rotation": [ 0, 0, 135 ],
        "translation": [ 0, 0, 0 ],
        "scale": [ 2.5, 2.5, 1 ]
    },
    "firstperson_righthand": {
        "rotation": [ 0, -90, 0 ],
        "translation": [ 2.08, 2.08, -5.5 ],
        "scale": [ 1.5, 1.5, 1 ]
    },
    "firstperson_lefthand": {
        "rotation": [ 0, 90, 0 ],
        "translation": [ 0, 2.08, -5.5 ],
        "scale": [ 1.5, 1.5, 1 ]
    },
    "gui": {
        "rotation": [ 0, 0, -90 ],
        "translation": [ 0, 0, 0 ],
        "scale": [ 1, 1, 1 ]
    }
}
}