{
"__comment": "Designed by Flashtt with BDcraft Cubik PRO 0.96 Beta - http://bdcraft.net",
"textures": {
    "texture": "items/custom/wooden_sword/Magic_Item/Magic_Short"
},
"elements": [ 
{
    "__comment": "Magic_Short x32",
    "from": [ 0.5, 0, 7.5 ],
    "to": [ 1.5, 1.5, 8.5 ],
    "faces": {
        "down":  { "uv": [ 0.501, 15.999, 1.499, 15.501 ], "texture": "#texture" },
        "up":    { "uv": [ 0.501, 14.501, 1.499, 14.999 ], "texture": "#texture" },
        "north": { "uv": [ 1.499, 14.501, 0.501, 15.999 ], "texture": "#texture" },
        "south": { "uv": [ 0.501, 14.501, 1.499, 15.999 ], "texture": "#texture" },
        "west":  { "uv": [ 0.501, 14.501, 0.999, 15.999 ], "texture": "#texture" },
        "east":  { "uv": [ 1.499, 14.501, 1.001, 15.999 ], "texture": "#texture" }
    }
},
{
    "__comment": "Magic_Short x32",
    "from": [ 1, 1.5, 7.5 ],
    "to": [ 3.5, 2, 8.5 ],
    "faces": {
        "down":  { "uv": [ 1.001, 14.499, 3.499, 14.001 ], "texture": "#texture" },
        "up":    { "uv": [ 1.001, 14.001, 3.499, 14.499 ], "texture": "#texture" },
        "north": { "uv": [ 3.499, 14.001, 1.001, 14.499 ], "texture": "#texture" },
        "south": { "uv": [ 1.001, 14.001, 3.499, 14.499 ], "texture": "#texture" },
        "west":  { "uv": [ 1.001, 14.001, 1.499, 14.499 ], "texture": "#texture" },
        "east":  { "uv": [ 3.499, 14.001, 3.001, 14.499 ], "texture": "#texture" }
    }
},
{
    "__comment": "Magic_Short x32",
    "from": [ 1.5, 2, 7.5 ],
    "to": [ 4, 2.5, 8.5 ],
    "faces": {
        "down":  { "uv": [ 1.501, 13.999, 3.999, 13.501 ], "texture": "#texture" },
        "up":    { "uv": [ 1.501, 13.501, 3.999, 13.999 ], "texture": "#texture" },
        "north": { "uv": [ 3.999, 13.501, 1.501, 13.999 ], "texture": "#texture" },
        "south": { "uv": [ 1.501, 13.501, 3.999, 13.999 ], "texture": "#texture" },
        "west":  { "uv": [ 1.501, 13.501, 1.999, 13.999 ], "texture": "#texture" },
        "east":  { "uv": [ 3.999, 13.501, 3.501, 13.999 ], "texture": "#texture" }
    }
},
{
    "__comment": "Magic_Short x32",
    "from": [ 1.5, 0.5, 7.5 ],
    "to": [ 2, 1.5, 8.5 ],
    "faces": {
        "down":  { "uv": [ 1.501, 15.499, 1.999, 15.001 ], "texture": "#texture" },
        "up":    { "uv": [ 1.501, 14.501, 1.999, 14.999 ], "texture": "#texture" },
        "north": { "uv": [ 1.999, 14.501, 1.501, 15.499 ], "texture": "#texture" },
        "south": { "uv": [ 1.501, 14.501, 1.999, 15.499 ], "texture": "#texture" },
        "west":  { "uv": [ 1.501, 14.501, 1.999, 15.499 ], "texture": "#texture" },
        "east":  { "uv": [ 1.999, 14.501, 1.501, 15.499 ], "texture": "#texture" }
    }
},
{
    "__comment": "Magic_Short x32",
    "from": [ 2, 2.5, 7.5 ],
    "to": [ 4.5, 3, 8.5 ],
    "faces": {
        "down":  { "uv": [ 2.001, 13.499, 4.499, 13.001 ], "texture": "#texture" },
        "up":    { "uv": [ 2.001, 13.001, 4.499, 13.499 ], "texture": "#texture" },
        "north": { "uv": [ 4.499, 13.001, 2.001, 13.499 ], "texture": "#texture" },
        "south": { "uv": [ 2.001, 13.001, 4.499, 13.499 ], "texture": "#texture" },
        "west":  { "uv": [ 2.001, 13.001, 2.499, 13.499 ], "texture": "#texture" },
        "east":  { "uv": [ 4.499, 13.001, 4.001, 13.499 ], "texture": "#texture" }
    }
},
{
    "__comment": "Magic_Short x32",
    "from": [ 2, 1, 7.5 ],
    "to": [ 2.5, 1.5, 8.5 ],
    "faces": {
        "down":  { "uv": [ 2.001, 14.999, 2.499, 14.501 ], "texture": "#texture" },
        "up":    { "uv": [ 2.001, 14.501, 2.499, 14.999 ], "texture": "#texture" },
        "north": { "uv": [ 2.499, 14.501, 2.001, 14.999 ], "texture": "#texture" },
        "south": { "uv": [ 2.001, 14.501, 2.499, 14.999 ], "texture": "#texture" },
        "west":  { "uv": [ 2.001, 14.501, 2.499, 14.999 ], "texture": "#texture" },
        "east":  { "uv": [ 2.499, 14.501, 2.001, 14.999 ], "texture": "#texture" }
    }
},
{
    "__comment": "Magic_Short x32",
    "from": [ 2.5, 3, 7.5 ],
    "to": [ 5, 3.5, 8.5 ],
    "faces": {
        "down":  { "uv": [ 2.501, 12.999, 4.999, 12.501 ], "texture": "#texture" },
        "up":    { "uv": [ 2.501, 12.501, 4.999, 12.999 ], "texture": "#texture" },
        "north": { "uv": [ 4.999, 12.501, 2.501, 12.999 ], "texture": "#texture" },
        "south": { "uv": [ 2.501, 12.501, 4.999, 12.999 ], "texture": "#texture" },
        "west":  { "uv": [ 2.501, 12.501, 2.999, 12.999 ], "texture": "#texture" },
        "east":  { "uv": [ 4.999, 12.501, 4.501, 12.999 ], "texture": "#texture" }
    }
},
{
    "__comment": "Magic_Short x32",
    "from": [ 3, 3.5, 7.5 ],
    "to": [ 5.5, 4, 8.5 ],
    "faces": {
        "down":  { "uv": [ 3.001, 12.499, 5.499, 12.001 ], "texture": "#texture" },
        "up":    { "uv": [ 3.001, 12.001, 5.499, 12.499 ], "texture": "#texture" },
        "north": { "uv": [ 5.499, 12.001, 3.001, 12.499 ], "texture": "#texture" },
        "south": { "uv": [ 3.001, 12.001, 5.499, 12.499 ], "texture": "#texture" },
        "west":  { "uv": [ 3.001, 12.001, 3.499, 12.499 ], "texture": "#texture" },
        "east":  { "uv": [ 5.499, 12.001, 5.001, 12.499 ], "texture": "#texture" }
    }
},
{
    "__comment": "Magic_Short x32",
    "from": [ 3.5, 4, 7.5 ],
    "to": [ 6, 4.5, 8.5 ],
    "faces": {
        "down":  { "uv": [ 3.501, 11.999, 5.999, 11.501 ], "texture": "#texture" },
        "up":    { "uv": [ 3.501, 11.501, 5.999, 11.999 ], "texture": "#texture" },
        "north": { "uv": [ 5.999, 11.501, 3.501, 11.999 ], "texture": "#texture" },
        "south": { "uv": [ 3.501, 11.501, 5.999, 11.999 ], "texture": "#texture" },
        "west":  { "uv": [ 3.501, 11.501, 3.999, 11.999 ], "texture": "#texture" },
        "east":  { "uv": [ 5.999, 11.501, 5.501, 11.999 ], "texture": "#texture" }
    }
},
{
    "__comment": "Magic_Short x32",
    "from": [ 4, 4.5, 7.5 ],
    "to": [ 6.5, 5, 8.5 ],
    "faces": {
        "down":  { "uv": [ 4.001, 11.499, 6.499, 11.001 ], "texture": "#texture" },
        "up":    { "uv": [ 4.001, 11.001, 6.499, 11.499 ], "texture": "#texture" },
        "north": { "uv": [ 6.499, 11.001, 4.001, 11.499 ], "texture": "#texture" },
        "south": { "uv": [ 4.001, 11.001, 6.499, 11.499 ], "texture": "#texture" },
        "west":  { "uv": [ 4.001, 11.001, 4.499, 11.499 ], "texture": "#texture" },
        "east":  { "uv": [ 6.499, 11.001, 6.001, 11.499 ], "texture": "#texture" }
    }
},
{
    "__comment": "Magic_Short x32",
    "from": [ 4.5, 5, 7.5 ],
    "to": [ 7.5, 5.5, 8.5 ],
    "faces": {
        "down":  { "uv": [ 4.501, 10.999, 7.499, 10.501 ], "texture": "#texture" },
        "up":    { "uv": [ 4.501, 10.501, 7.499, 10.999 ], "texture": "#texture" },
        "north": { "uv": [ 7.499, 10.501, 4.501, 10.999 ], "texture": "#texture" },
        "south": { "uv": [ 4.501, 10.501, 7.499, 10.999 ], "texture": "#texture" },
        "west":  { "uv": [ 4.501, 10.501, 4.999, 10.999 ], "texture": "#texture" },
        "east":  { "uv": [ 7.499, 10.501, 7.001, 10.999 ], "texture": "#texture" }
    }
},
{
    "__comment": "Magic_Short x32",
    "from": [ 5, 5.5, 7.5 ],
    "to": [ 8, 6, 8.5 ],
    "faces": {
        "down":  { "uv": [ 5.001, 10.499, 7.999, 10.001 ], "texture": "#texture" },
        "up":    { "uv": [ 5.001, 10.001, 7.999, 10.499 ], "texture": "#texture" },
        "north": { "uv": [ 7.999, 10.001, 5.001, 10.499 ], "texture": "#texture" },
        "south": { "uv": [ 5.001, 10.001, 7.999, 10.499 ], "texture": "#texture" },
        "west":  { "uv": [ 5.001, 10.001, 5.499, 10.499 ], "texture": "#texture" },
        "east":  { "uv": [ 7.999, 10.001, 7.501, 10.499 ], "texture": "#texture" }
    }
},
{
    "__comment": "Magic_Short x32",
    "from": [ 5.5, 6, 7.5 ],
    "to": [ 9, 6.5, 8.5 ],
    "faces": {
        "down":  { "uv": [ 5.501, 9.999, 8.999, 9.501 ], "texture": "#texture" },
        "up":    { "uv": [ 5.501, 9.501, 8.999, 9.999 ], "texture": "#texture" },
        "north": { "uv": [ 8.999, 9.501, 5.501, 9.999 ], "texture": "#texture" },
        "south": { "uv": [ 5.501, 9.501, 8.999, 9.999 ], "texture": "#texture" },
        "west":  { "uv": [ 5.501, 9.501, 5.999, 9.999 ], "texture": "#texture" },
        "east":  { "uv": [ 8.999, 9.501, 8.501, 9.999 ], "texture": "#texture" }
    }
},
{
    "__comment": "Magic_Short x32",
    "from": [ 6, 6.5, 7.5 ],
    "to": [ 9.5, 7, 8.5 ],
    "faces": {
        "down":  { "uv": [ 6.001, 9.499, 9.499, 9.001 ], "texture": "#texture" },
        "up":    { "uv": [ 6.001, 9.001, 9.499, 9.499 ], "texture": "#texture" },
        "north": { "uv": [ 9.499, 9.001, 6.001, 9.499 ], "texture": "#texture" },
        "south": { "uv": [ 6.001, 9.001, 9.499, 9.499 ], "texture": "#texture" },
        "west":  { "uv": [ 6.001, 9.001, 6.499, 9.499 ], "texture": "#texture" },
        "east":  { "uv": [ 9.499, 9.001, 9.001, 9.499 ], "texture": "#texture" }
    }
},
{
    "__comment": "Magic_Short x32",
    "from": [ 6.5, 7, 7.5 ],
    "to": [ 10, 7.5, 8.5 ],
    "faces": {
        "down":  { "uv": [ 6.501, 8.999, 9.999, 8.501 ], "texture": "#texture" },
        "up":    { "uv": [ 6.501, 8.501, 9.999, 8.999 ], "texture": "#texture" },
        "north": { "uv": [ 9.999, 8.501, 6.501, 8.999 ], "texture": "#texture" },
        "south": { "uv": [ 6.501, 8.501, 9.999, 8.999 ], "texture": "#texture" },
        "west":  { "uv": [ 6.501, 8.501, 6.999, 8.999 ], "texture": "#texture" },
        "east":  { "uv": [ 9.999, 8.501, 9.501, 8.999 ], "texture": "#texture" }
    }
},
{
    "__comment": "Magic_Short x32",
    "from": [ 7, 7.5, 7.5 ],
    "to": [ 10.5, 8, 8.5 ],
    "faces": {
        "down":  { "uv": [ 7.001, 8.499, 10.499, 8.001 ], "texture": "#texture" },
        "up":    { "uv": [ 7.001, 8.001, 10.499, 8.499 ], "texture": "#texture" },
        "north": { "uv": [ 10.499, 8.001, 7.001, 8.499 ], "texture": "#texture" },
        "south": { "uv": [ 7.001, 8.001, 10.499, 8.499 ], "texture": "#texture" },
        "west":  { "uv": [ 7.001, 8.001, 7.499, 8.499 ], "texture": "#texture" },
        "east":  { "uv": [ 10.499, 8.001, 10.001, 8.499 ], "texture": "#texture" }
    }
},
{
    "__comment": "Magic_Short x32",
    "from": [ 7.5, 8, 7.5 ],
    "to": [ 11.5, 8.5, 8.5 ],
    "faces": {
        "down":  { "uv": [ 7.501, 7.999, 11.499, 7.501 ], "texture": "#texture" },
        "up":    { "uv": [ 7.501, 7.501, 11.499, 7.999 ], "texture": "#texture" },
        "north": { "uv": [ 11.499, 7.501, 7.501, 7.999 ], "texture": "#texture" },
        "south": { "uv": [ 7.501, 7.501, 11.499, 7.999 ], "texture": "#texture" },
        "west":  { "uv": [ 7.501, 7.501, 7.999, 7.999 ], "texture": "#texture" },
        "east":  { "uv": [ 11.499, 7.501, 11.001, 7.999 ], "texture": "#texture" }
    }
},
{
    "__comment": "Magic_Short x32",
    "from": [ 8, 8.5, 7.5 ],
    "to": [ 13.5, 9, 8.5 ],
    "faces": {
        "down":  { "uv": [ 8.001, 7.499, 13.499, 7.001 ], "texture": "#texture" },
        "up":    { "uv": [ 8.001, 7.001, 13.499, 7.499 ], "texture": "#texture" },
        "north": { "uv": [ 13.499, 7.001, 8.001, 7.499 ], "texture": "#texture" },
        "south": { "uv": [ 8.001, 7.001, 13.499, 7.499 ], "texture": "#texture" },
        "west":  { "uv": [ 8.001, 7.001, 8.499, 7.499 ], "texture": "#texture" },
        "east":  { "uv": [ 13.499, 7.001, 13.001, 7.499 ], "texture": "#texture" }
    }
},
{
    "__comment": "Magic_Short x32",
    "from": [ 8.5, 11.5, 7.5 ],
    "to": [ 16, 13.5, 8.5 ],
    "faces": {
        "down":  { "uv": [ 8.501, 4.499, 15.999, 4.001 ], "texture": "#texture" },
        "up":    { "uv": [ 8.501, 2.501, 15.999, 2.999 ], "texture": "#texture" },
        "north": { "uv": [ 15.999, 2.501, 8.501, 4.499 ], "texture": "#texture" },
        "south": { "uv": [ 8.501, 2.501, 15.999, 4.499 ], "texture": "#texture" },
        "west":  { "uv": [ 8.501, 2.501, 8.999, 4.499 ], "texture": "#texture" },
        "east":  { "uv": [ 15.999, 2.501, 15.501, 4.499 ], "texture": "#texture" }
    }
},
{
    "__comment": "Magic_Short x32",
    "from": [ 8.5, 9, 7.5 ],
    "to": [ 14.5, 9.5, 8.5 ],
    "faces": {
        "down":  { "uv": [ 8.501, 6.999, 14.499, 6.501 ], "texture": "#texture" },
        "up":    { "uv": [ 8.501, 6.501, 14.499, 6.999 ], "texture": "#texture" },
        "north": { "uv": [ 14.499, 6.501, 8.501, 6.999 ], "texture": "#texture" },
        "south": { "uv": [ 8.501, 6.501, 14.499, 6.999 ], "texture": "#texture" },
        "west":  { "uv": [ 8.501, 6.501, 8.999, 6.999 ], "texture": "#texture" },
        "east":  { "uv": [ 14.499, 6.501, 14.001, 6.999 ], "texture": "#texture" }
    }
},
{
    "__comment": "Magic_Short x32",
    "from": [ 9, 13.5, 7.5 ],
    "to": [ 15.5, 14.5, 8.5 ],
    "faces": {
        "down":  { "uv": [ 9.001, 2.499, 15.499, 2.001 ], "texture": "#texture" },
        "up":    { "uv": [ 9.001, 1.501, 15.499, 1.999 ], "texture": "#texture" },
        "north": { "uv": [ 15.499, 1.501, 9.001, 2.499 ], "texture": "#texture" },
        "south": { "uv": [ 9.001, 1.501, 15.499, 2.499 ], "texture": "#texture" },
        "west":  { "uv": [ 9.001, 1.501, 9.499, 2.499 ], "texture": "#texture" },
        "east":  { "uv": [ 15.499, 1.501, 15.001, 2.499 ], "texture": "#texture" }
    }
},
{
    "__comment": "Magic_Short x32",
    "from": [ 9, 11, 7.5 ],
    "to": [ 16, 11.5, 8.5 ],
    "faces": {
        "down":  { "uv": [ 9.001, 4.999, 15.999, 4.501 ], "texture": "#texture" },
        "up":    { "uv": [ 9.001, 4.501, 15.999, 4.999 ], "texture": "#texture" },
        "north": { "uv": [ 15.999, 4.501, 9.001, 4.999 ], "texture": "#texture" },
        "south": { "uv": [ 9.001, 4.501, 15.999, 4.999 ], "texture": "#texture" },
        "west":  { "uv": [ 9.001, 4.501, 9.499, 4.999 ], "texture": "#texture" },
        "east":  { "uv": [ 15.999, 4.501, 15.501, 4.999 ], "texture": "#texture" }
    }
},
{
    "__comment": "Magic_Short x32",
    "from": [ 9.5, 14.5, 7.5 ],
    "to": [ 15, 15, 8.5 ],
    "faces": {
        "down":  { "uv": [ 9.501, 1.499, 14.999, 1.001 ], "texture": "#texture" },
        "up":    { "uv": [ 9.501, 1.001, 14.999, 1.499 ], "texture": "#texture" },
        "north": { "uv": [ 14.999, 1.001, 9.501, 1.499 ], "texture": "#texture" },
        "south": { "uv": [ 9.501, 1.001, 14.999, 1.499 ], "texture": "#texture" },
        "west":  { "uv": [ 9.501, 1.001, 9.999, 1.499 ], "texture": "#texture" },
        "east":  { "uv": [ 14.999, 1.001, 14.501, 1.499 ], "texture": "#texture" }
    }
},
{
    "__comment": "Magic_Short x32",
    "from": [ 9.5, 10.5, 7.5 ],
    "to": [ 15.5, 11, 8.5 ],
    "faces": {
        "down":  { "uv": [ 9.501, 5.499, 15.499, 5.001 ], "texture": "#texture" },
        "up":    { "uv": [ 9.501, 5.001, 15.499, 5.499 ], "texture": "#texture" },
        "north": { "uv": [ 15.499, 5.001, 9.501, 5.499 ], "texture": "#texture" },
        "south": { "uv": [ 9.501, 5.001, 15.499, 5.499 ], "texture": "#texture" },
        "west":  { "uv": [ 9.501, 5.001, 9.999, 5.499 ], "texture": "#texture" },
        "east":  { "uv": [ 15.499, 5.001, 15.001, 5.499 ], "texture": "#texture" }
    }
},
{
    "__comment": "Magic_Short x32",
    "from": [ 9.5, 9.5, 7.5 ],
    "to": [ 15, 10, 8.5 ],
    "faces": {
        "down":  { "uv": [ 9.501, 6.499, 14.999, 6.001 ], "texture": "#texture" },
        "up":    { "uv": [ 9.501, 6.001, 14.999, 6.499 ], "texture": "#texture" },
        "north": { "uv": [ 14.999, 6.001, 9.501, 6.499 ], "texture": "#texture" },
        "south": { "uv": [ 9.501, 6.001, 14.999, 6.499 ], "texture": "#texture" },
        "west":  { "uv": [ 9.501, 6.001, 9.999, 6.499 ], "texture": "#texture" },
        "east":  { "uv": [ 14.999, 6.001, 14.501, 6.499 ], "texture": "#texture" }
    }
},
{
    "__comment": "Magic_Short x32",
    "from": [ 10, 15, 7.5 ],
    "to": [ 14.5, 15.5, 8.5 ],
    "faces": {
        "down":  { "uv": [ 10.001, 0.999, 14.499, 0.501 ], "texture": "#texture" },
        "up":    { "uv": [ 10.001, 0.501, 14.499, 0.999 ], "texture": "#texture" },
        "north": { "uv": [ 14.499, 0.501, 10.001, 0.999 ], "texture": "#texture" },
        "south": { "uv": [ 10.001, 0.501, 14.499, 0.999 ], "texture": "#texture" },
        "west":  { "uv": [ 10.001, 0.501, 10.499, 0.999 ], "texture": "#texture" },
        "east":  { "uv": [ 14.499, 0.501, 14.001, 0.999 ], "texture": "#texture" }
    }
},
{
    "__comment": "Magic_Short x32",
    "from": [ 11, 15.5, 7.5 ],
    "to": [ 13.5, 16, 8.5 ],
    "faces": {
        "down":  { "uv": [ 11.001, 0.499, 13.499, 0.001 ], "texture": "#texture" },
        "up":    { "uv": [ 11.001, 0.001, 13.499, 0.499 ], "texture": "#texture" },
        "north": { "uv": [ 13.499, 0.001, 11.001, 0.499 ], "texture": "#texture" },
        "south": { "uv": [ 11.001, 0.001, 13.499, 0.499 ], "texture": "#texture" },
        "west":  { "uv": [ 11.001, 0.001, 11.499, 0.499 ], "texture": "#texture" },
        "east":  { "uv": [ 13.499, 0.001, 13.001, 0.499 ], "texture": "#texture" }
    }
},
{
    "__comment": "Magic_Short x32",
    "from": [ 11, 10, 7.5 ],
    "to": [ 15.5, 10.5, 8.5 ],
    "faces": {
        "down":  { "uv": [ 11.001, 5.999, 15.499, 5.501 ], "texture": "#texture" },
        "up":    { "uv": [ 11.001, 5.501, 15.499, 5.999 ], "texture": "#texture" },
        "north": { "uv": [ 15.499, 5.501, 11.001, 5.999 ], "texture": "#texture" },
        "south": { "uv": [ 11.001, 5.501, 15.499, 5.999 ], "texture": "#texture" },
        "west":  { "uv": [ 11.001, 5.501, 11.499, 5.999 ], "texture": "#texture" },
        "east":  { "uv": [ 15.499, 5.501, 15.001, 5.999 ], "texture": "#texture" }
    }
}
],
"display": {
    "thirdperson_righthand": {
        "rotation": [ 65, 90, -20 ],
        "translation": [ 0, 4.16, 2.08 ],
        "scale": [ 1, 1, 1 ]
    },
    "thirdperson_lefthand": {
        "rotation": [ 65, -90, 20 ],
        "translation": [ 0, 4.16, 2.08 ],
        "scale": [ 1, 1, 1 ]
    },
    "head": {
        "rotation": [ 0, 0, 0 ],
        "translation": [ 0, 0, 0 ],
        "scale": [ 1, 1, 1 ]
    },
    "ground": {
        "rotation": [ 0, 0, 0 ],
        "translation": [ 0, 0, 0 ],
        "scale": [ 1, 1, 1 ]
    },
    "fixed": {
        "rotation": [ 0, 0, -37 ],
        "translation": [ 0, 0, 0 ],
        "scale": [ 2, 2, 1 ]
    },
    "firstperson_righthand": {
        "rotation": [ 0, 111, -21 ],
        "translation": [ 3.78, -0.94, -1.89 ],
        "scale": [ 1, 1, 1 ]
    },
    "firstperson_lefthand": {
        "rotation": [ 0, -92, -21 ],
        "translation": [ 0.76, -0.94, -1.89 ],
        "scale": [ 1, 1, 1 ]
    },
    "gui": {
        "rotation": [ 0, 0, 0 ],
        "translation": [ 0, 0, 0 ],
        "scale": [ 1, 1, 1 ]
    }
}
}