{
"__comment": "Designed by Flashtt with BDcraft Cubik PRO 0.96 Beta - http://bdcraft.net",
"textures": {
    "texture": "items/custom/wooden_sword/Magic_Item/Magic_Tho"
},
"elements": [ 
{
    "__comment": "Magic_Tho x64",
    "from": [ 1.25, 1.5, 7.5 ],
    "to": [ 2.5, 2.25, 8.5 ],
    "faces": {
        "down":  { "uv": [ 1.25, 14.5, 2.5, 14.25 ], "texture": "#texture" },
        "up":    { "uv": [ 1.25, 13.75, 2.5, 14 ], "texture": "#texture" },
        "north": { "uv": [ 2.5, 13.75, 1.25, 14.5 ], "texture": "#texture" },
        "south": { "uv": [ 1.25, 13.75, 2.5, 14.5 ], "texture": "#texture" },
        "west":  { "uv": [ 1.25, 13.75, 1.5, 14.5 ], "texture": "#texture" },
        "east":  { "uv": [ 2.5, 13.75, 2.25, 14.5 ], "texture": "#texture" }
    }
},
{
    "__comment": "Magic_Tho x64",
    "from": [ 1.5, 2.25, 7.5 ],
    "to": [ 3, 2.5, 8.5 ],
    "faces": {
        "down":  { "uv": [ 1.5, 13.75, 3, 13.5 ], "texture": "#texture" },
        "up":    { "uv": [ 1.5, 13.5, 3, 13.75 ], "texture": "#texture" },
        "north": { "uv": [ 3, 13.5, 1.5, 13.75 ], "texture": "#texture" },
        "south": { "uv": [ 1.5, 13.5, 3, 13.75 ], "texture": "#texture" },
        "west":  { "uv": [ 1.5, 13.5, 1.75, 13.75 ], "texture": "#texture" },
        "east":  { "uv": [ 3, 13.5, 2.75, 13.75 ], "texture": "#texture" }
    }
},
{
    "__comment": "Magic_Tho x64",
    "from": [ 1.5, 1.25, 7.5 ],
    "to": [ 2.25, 1.5, 8.5 ],
    "faces": {
        "down":  { "uv": [ 1.5, 14.75, 2.25, 14.5 ], "texture": "#texture" },
        "up":    { "uv": [ 1.5, 14.5, 2.25, 14.75 ], "texture": "#texture" },
        "north": { "uv": [ 2.25, 14.5, 1.5, 14.75 ], "texture": "#texture" },
        "south": { "uv": [ 1.5, 14.5, 2.25, 14.75 ], "texture": "#texture" },
        "west":  { "uv": [ 1.5, 14.5, 1.75, 14.75 ], "texture": "#texture" },
        "east":  { "uv": [ 2.25, 14.5, 2, 14.75 ], "texture": "#texture" }
    }
},
{
    "__comment": "Magic_Tho x64",
    "from": [ 2, 2.5, 7.5 ],
    "to": [ 3.25, 2.75, 8.5 ],
    "faces": {
        "down":  { "uv": [ 2, 13.5, 3.25, 13.25 ], "texture": "#texture" },
        "up":    { "uv": [ 2, 13.25, 3.25, 13.5 ], "texture": "#texture" },
        "north": { "uv": [ 3.25, 13.25, 2, 13.5 ], "texture": "#texture" },
        "south": { "uv": [ 2, 13.25, 3.25, 13.5 ], "texture": "#texture" },
        "west":  { "uv": [ 2, 13.25, 2.25, 13.5 ], "texture": "#texture" },
        "east":  { "uv": [ 3.25, 13.25, 3, 13.5 ], "texture": "#texture" }
    }
},
{
    "__comment": "Magic_Tho x64",
    "from": [ 2.25, 2.75, 7.5 ],
    "to": [ 3.5, 3, 8.5 ],
    "faces": {
        "down":  { "uv": [ 2.25, 13.25, 3.5, 13 ], "texture": "#texture" },
        "up":    { "uv": [ 2.25, 13, 3.5, 13.25 ], "texture": "#texture" },
        "north": { "uv": [ 3.5, 13, 2.25, 13.25 ], "texture": "#texture" },
        "south": { "uv": [ 2.25, 13, 3.5, 13.25 ], "texture": "#texture" },
        "west":  { "uv": [ 2.25, 13, 2.5, 13.25 ], "texture": "#texture" },
        "east":  { "uv": [ 3.5, 13, 3.25, 13.25 ], "texture": "#texture" }
    }
},
{
    "__comment": "Magic_Tho x64",
    "from": [ 2.5, 3, 7.5 ],
    "to": [ 3.75, 3.25, 8.5 ],
    "faces": {
        "down":  { "uv": [ 2.5, 13, 3.75, 12.75 ], "texture": "#texture" },
        "up":    { "uv": [ 2.5, 12.75, 3.75, 13 ], "texture": "#texture" },
        "north": { "uv": [ 3.75, 12.75, 2.5, 13 ], "texture": "#texture" },
        "south": { "uv": [ 2.5, 12.75, 3.75, 13 ], "texture": "#texture" },
        "west":  { "uv": [ 2.5, 12.75, 2.75, 13 ], "texture": "#texture" },
        "east":  { "uv": [ 3.75, 12.75, 3.5, 13 ], "texture": "#texture" }
    }
},
{
    "__comment": "Magic_Tho x64",
    "from": [ 2.5, 2, 7.5 ],
    "to": [ 2.75, 2.25, 8.5 ],
    "faces": {
        "down":  { "uv": [ 2.5, 14, 2.75, 13.75 ], "texture": "#texture" },
        "up":    { "uv": [ 2.5, 13.75, 2.75, 14 ], "texture": "#texture" },
        "north": { "uv": [ 2.75, 13.75, 2.5, 14 ], "texture": "#texture" },
        "south": { "uv": [ 2.5, 13.75, 2.75, 14 ], "texture": "#texture" },
        "west":  { "uv": [ 2.5, 13.75, 2.75, 14 ], "texture": "#texture" },
        "east":  { "uv": [ 2.75, 13.75, 2.5, 14 ], "texture": "#texture" }
    }
},
{
    "__comment": "Magic_Tho x64",
    "from": [ 2.75, 3.25, 7.5 ],
    "to": [ 4, 3.5, 8.5 ],
    "faces": {
        "down":  { "uv": [ 2.75, 12.75, 4, 12.5 ], "texture": "#texture" },
        "up":    { "uv": [ 2.75, 12.5, 4, 12.75 ], "texture": "#texture" },
        "north": { "uv": [ 4, 12.5, 2.75, 12.75 ], "texture": "#texture" },
        "south": { "uv": [ 2.75, 12.5, 4, 12.75 ], "texture": "#texture" },
        "west":  { "uv": [ 2.75, 12.5, 3, 12.75 ], "texture": "#texture" },
        "east":  { "uv": [ 4, 12.5, 3.75, 12.75 ], "texture": "#texture" }
    }
},
{
    "__comment": "Magic_Tho x64",
    "from": [ 3, 3.5, 7.5 ],
    "to": [ 4.25, 3.75, 8.5 ],
    "faces": {
        "down":  { "uv": [ 3, 12.5, 4.25, 12.25 ], "texture": "#texture" },
        "up":    { "uv": [ 3, 12.25, 4.25, 12.5 ], "texture": "#texture" },
        "north": { "uv": [ 4.25, 12.25, 3, 12.5 ], "texture": "#texture" },
        "south": { "uv": [ 3, 12.25, 4.25, 12.5 ], "texture": "#texture" },
        "west":  { "uv": [ 3, 12.25, 3.25, 12.5 ], "texture": "#texture" },
        "east":  { "uv": [ 4.25, 12.25, 4, 12.5 ], "texture": "#texture" }
    }
},
{
    "__comment": "Magic_Tho x64",
    "from": [ 3.25, 3.75, 7.5 ],
    "to": [ 4.5, 4, 8.5 ],
    "faces": {
        "down":  { "uv": [ 3.25, 12.25, 4.5, 12 ], "texture": "#texture" },
        "up":    { "uv": [ 3.25, 12, 4.5, 12.25 ], "texture": "#texture" },
        "north": { "uv": [ 4.5, 12, 3.25, 12.25 ], "texture": "#texture" },
        "south": { "uv": [ 3.25, 12, 4.5, 12.25 ], "texture": "#texture" },
        "west":  { "uv": [ 3.25, 12, 3.5, 12.25 ], "texture": "#texture" },
        "east":  { "uv": [ 4.5, 12, 4.25, 12.25 ], "texture": "#texture" }
    }
},
{
    "__comment": "Magic_Tho x64",
    "from": [ 3.5, 4, 7.5 ],
    "to": [ 4.75, 4.25, 8.5 ],
    "faces": {
        "down":  { "uv": [ 3.5, 12, 4.75, 11.75 ], "texture": "#texture" },
        "up":    { "uv": [ 3.5, 11.75, 4.75, 12 ], "texture": "#texture" },
        "north": { "uv": [ 4.75, 11.75, 3.5, 12 ], "texture": "#texture" },
        "south": { "uv": [ 3.5, 11.75, 4.75, 12 ], "texture": "#texture" },
        "west":  { "uv": [ 3.5, 11.75, 3.75, 12 ], "texture": "#texture" },
        "east":  { "uv": [ 4.75, 11.75, 4.5, 12 ], "texture": "#texture" }
    }
},
{
    "__comment": "Magic_Tho x64",
    "from": [ 3.75, 4.25, 7.5 ],
    "to": [ 5, 4.5, 8.5 ],
    "faces": {
        "down":  { "uv": [ 3.75, 11.75, 5, 11.5 ], "texture": "#texture" },
        "up":    { "uv": [ 3.75, 11.5, 5, 11.75 ], "texture": "#texture" },
        "north": { "uv": [ 5, 11.5, 3.75, 11.75 ], "texture": "#texture" },
        "south": { "uv": [ 3.75, 11.5, 5, 11.75 ], "texture": "#texture" },
        "west":  { "uv": [ 3.75, 11.5, 4, 11.75 ], "texture": "#texture" },
        "east":  { "uv": [ 5, 11.5, 4.75, 11.75 ], "texture": "#texture" }
    }
},
{
    "__comment": "Magic_Tho x64",
    "from": [ 4, 4.5, 7.5 ],
    "to": [ 5.25, 4.75, 8.5 ],
    "faces": {
        "down":  { "uv": [ 4, 11.5, 5.25, 11.25 ], "texture": "#texture" },
        "up":    { "uv": [ 4, 11.25, 5.25, 11.5 ], "texture": "#texture" },
        "north": { "uv": [ 5.25, 11.25, 4, 11.5 ], "texture": "#texture" },
        "south": { "uv": [ 4, 11.25, 5.25, 11.5 ], "texture": "#texture" },
        "west":  { "uv": [ 4, 11.25, 4.25, 11.5 ], "texture": "#texture" },
        "east":  { "uv": [ 5.25, 11.25, 5, 11.5 ], "texture": "#texture" }
    }
},
{
    "__comment": "Magic_Tho x64",
    "from": [ 4.25, 4.75, 7.5 ],
    "to": [ 5.5, 5, 8.5 ],
    "faces": {
        "down":  { "uv": [ 4.25, 11.25, 5.5, 11 ], "texture": "#texture" },
        "up":    { "uv": [ 4.25, 11, 5.5, 11.25 ], "texture": "#texture" },
        "north": { "uv": [ 5.5, 11, 4.25, 11.25 ], "texture": "#texture" },
        "south": { "uv": [ 4.25, 11, 5.5, 11.25 ], "texture": "#texture" },
        "west":  { "uv": [ 4.25, 11, 4.5, 11.25 ], "texture": "#texture" },
        "east":  { "uv": [ 5.5, 11, 5.25, 11.25 ], "texture": "#texture" }
    }
},
{
    "__comment": "Magic_Tho x64",
    "from": [ 4.5, 5, 7.5 ],
    "to": [ 5.75, 5.25, 8.5 ],
    "faces": {
        "down":  { "uv": [ 4.5, 11, 5.75, 10.75 ], "texture": "#texture" },
        "up":    { "uv": [ 4.5, 10.75, 5.75, 11 ], "texture": "#texture" },
        "north": { "uv": [ 5.75, 10.75, 4.5, 11 ], "texture": "#texture" },
        "south": { "uv": [ 4.5, 10.75, 5.75, 11 ], "texture": "#texture" },
        "west":  { "uv": [ 4.5, 10.75, 4.75, 11 ], "texture": "#texture" },
        "east":  { "uv": [ 5.75, 10.75, 5.5, 11 ], "texture": "#texture" }
    }
},
{
    "__comment": "Magic_Tho x64",
    "from": [ 4.75, 5.25, 7.5 ],
    "to": [ 6, 5.5, 8.5 ],
    "faces": {
        "down":  { "uv": [ 4.75, 10.75, 6, 10.5 ], "texture": "#texture" },
        "up":    { "uv": [ 4.75, 10.5, 6, 10.75 ], "texture": "#texture" },
        "north": { "uv": [ 6, 10.5, 4.75, 10.75 ], "texture": "#texture" },
        "south": { "uv": [ 4.75, 10.5, 6, 10.75 ], "texture": "#texture" },
        "west":  { "uv": [ 4.75, 10.5, 5, 10.75 ], "texture": "#texture" },
        "east":  { "uv": [ 6, 10.5, 5.75, 10.75 ], "texture": "#texture" }
    }
},
{
    "__comment": "Magic_Tho x64",
    "from": [ 5, 5.5, 7.5 ],
    "to": [ 6.25, 5.75, 8.5 ],
    "faces": {
        "down":  { "uv": [ 5, 10.5, 6.25, 10.25 ], "texture": "#texture" },
        "up":    { "uv": [ 5, 10.25, 6.25, 10.5 ], "texture": "#texture" },
        "north": { "uv": [ 6.25, 10.25, 5, 10.5 ], "texture": "#texture" },
        "south": { "uv": [ 5, 10.25, 6.25, 10.5 ], "texture": "#texture" },
        "west":  { "uv": [ 5, 10.25, 5.25, 10.5 ], "texture": "#texture" },
        "east":  { "uv": [ 6.25, 10.25, 6, 10.5 ], "texture": "#texture" }
    }
},
{
    "__comment": "Magic_Tho x64",
    "from": [ 5.25, 5.75, 7.5 ],
    "to": [ 6.5, 6, 8.5 ],
    "faces": {
        "down":  { "uv": [ 5.25, 10.25, 6.5, 10 ], "texture": "#texture" },
        "up":    { "uv": [ 5.25, 10, 6.5, 10.25 ], "texture": "#texture" },
        "north": { "uv": [ 6.5, 10, 5.25, 10.25 ], "texture": "#texture" },
        "south": { "uv": [ 5.25, 10, 6.5, 10.25 ], "texture": "#texture" },
        "west":  { "uv": [ 5.25, 10, 5.5, 10.25 ], "texture": "#texture" },
        "east":  { "uv": [ 6.5, 10, 6.25, 10.25 ], "texture": "#texture" }
    }
},
{
    "__comment": "Magic_Tho x64",
    "from": [ 5.5, 6, 7.5 ],
    "to": [ 6.75, 6.25, 8.5 ],
    "faces": {
        "down":  { "uv": [ 5.5, 10, 6.75, 9.75 ], "texture": "#texture" },
        "up":    { "uv": [ 5.5, 9.75, 6.75, 10 ], "texture": "#texture" },
        "north": { "uv": [ 6.75, 9.75, 5.5, 10 ], "texture": "#texture" },
        "south": { "uv": [ 5.5, 9.75, 6.75, 10 ], "texture": "#texture" },
        "west":  { "uv": [ 5.5, 9.75, 5.75, 10 ], "texture": "#texture" },
        "east":  { "uv": [ 6.75, 9.75, 6.5, 10 ], "texture": "#texture" }
    }
},
{
    "__comment": "Magic_Tho x64",
    "from": [ 5.75, 6.25, 7.5 ],
    "to": [ 7, 6.5, 8.5 ],
    "faces": {
        "down":  { "uv": [ 5.75, 9.75, 7, 9.5 ], "texture": "#texture" },
        "up":    { "uv": [ 5.75, 9.5, 7, 9.75 ], "texture": "#texture" },
        "north": { "uv": [ 7, 9.5, 5.75, 9.75 ], "texture": "#texture" },
        "south": { "uv": [ 5.75, 9.5, 7, 9.75 ], "texture": "#texture" },
        "west":  { "uv": [ 5.75, 9.5, 6, 9.75 ], "texture": "#texture" },
        "east":  { "uv": [ 7, 9.5, 6.75, 9.75 ], "texture": "#texture" }
    }
},
{
    "__comment": "Magic_Tho x64",
    "from": [ 6, 6.5, 7.5 ],
    "to": [ 7.25, 6.75, 8.5 ],
    "faces": {
        "down":  { "uv": [ 6, 9.5, 7.25, 9.25 ], "texture": "#texture" },
        "up":    { "uv": [ 6, 9.25, 7.25, 9.5 ], "texture": "#texture" },
        "north": { "uv": [ 7.25, 9.25, 6, 9.5 ], "texture": "#texture" },
        "south": { "uv": [ 6, 9.25, 7.25, 9.5 ], "texture": "#texture" },
        "west":  { "uv": [ 6, 9.25, 6.25, 9.5 ], "texture": "#texture" },
        "east":  { "uv": [ 7.25, 9.25, 7, 9.5 ], "texture": "#texture" }
    }
},
{
    "__comment": "Magic_Tho x64",
    "from": [ 6.25, 6.75, 7.5 ],
    "to": [ 7.5, 7, 8.5 ],
    "faces": {
        "down":  { "uv": [ 6.25, 9.25, 7.5, 9 ], "texture": "#texture" },
        "up":    { "uv": [ 6.25, 9, 7.5, 9.25 ], "texture": "#texture" },
        "north": { "uv": [ 7.5, 9, 6.25, 9.25 ], "texture": "#texture" },
        "south": { "uv": [ 6.25, 9, 7.5, 9.25 ], "texture": "#texture" },
        "west":  { "uv": [ 6.25, 9, 6.5, 9.25 ], "texture": "#texture" },
        "east":  { "uv": [ 7.5, 9, 7.25, 9.25 ], "texture": "#texture" }
    }
},
{
    "__comment": "Magic_Tho x64",
    "from": [ 6.5, 7, 7.5 ],
    "to": [ 7.75, 7.25, 8.5 ],
    "faces": {
        "down":  { "uv": [ 6.5, 9, 7.75, 8.75 ], "texture": "#texture" },
        "up":    { "uv": [ 6.5, 8.75, 7.75, 9 ], "texture": "#texture" },
        "north": { "uv": [ 7.75, 8.75, 6.5, 9 ], "texture": "#texture" },
        "south": { "uv": [ 6.5, 8.75, 7.75, 9 ], "texture": "#texture" },
        "west":  { "uv": [ 6.5, 8.75, 6.75, 9 ], "texture": "#texture" },
        "east":  { "uv": [ 7.75, 8.75, 7.5, 9 ], "texture": "#texture" }
    }
},
{
    "__comment": "Magic_Tho x64",
    "from": [ 6.75, 7.25, 7.5 ],
    "to": [ 8, 7.5, 8.5 ],
    "faces": {
        "down":  { "uv": [ 6.75, 8.75, 8, 8.5 ], "texture": "#texture" },
        "up":    { "uv": [ 6.75, 8.5, 8, 8.75 ], "texture": "#texture" },
        "north": { "uv": [ 8, 8.5, 6.75, 8.75 ], "texture": "#texture" },
        "south": { "uv": [ 6.75, 8.5, 8, 8.75 ], "texture": "#texture" },
        "west":  { "uv": [ 6.75, 8.5, 7, 8.75 ], "texture": "#texture" },
        "east":  { "uv": [ 8, 8.5, 7.75, 8.75 ], "texture": "#texture" }
    }
},
{
    "__comment": "Magic_Tho x64",
    "from": [ 7, 7.5, 7.5 ],
    "to": [ 8.25, 7.75, 8.5 ],
    "faces": {
        "down":  { "uv": [ 7, 8.5, 8.25, 8.25 ], "texture": "#texture" },
        "up":    { "uv": [ 7, 8.25, 8.25, 8.5 ], "texture": "#texture" },
        "north": { "uv": [ 8.25, 8.25, 7, 8.5 ], "texture": "#texture" },
        "south": { "uv": [ 7, 8.25, 8.25, 8.5 ], "texture": "#texture" },
        "west":  { "uv": [ 7, 8.25, 7.25, 8.5 ], "texture": "#texture" },
        "east":  { "uv": [ 8.25, 8.25, 8, 8.5 ], "texture": "#texture" }
    }
},
{
    "__comment": "Magic_Tho x64",
    "from": [ 7.25, 7.75, 7.5 ],
    "to": [ 8.5, 8, 8.5 ],
    "faces": {
        "down":  { "uv": [ 7.25, 8.25, 8.5, 8 ], "texture": "#texture" },
        "up":    { "uv": [ 7.25, 8, 8.5, 8.25 ], "texture": "#texture" },
        "north": { "uv": [ 8.5, 8, 7.25, 8.25 ], "texture": "#texture" },
        "south": { "uv": [ 7.25, 8, 8.5, 8.25 ], "texture": "#texture" },
        "west":  { "uv": [ 7.25, 8, 7.5, 8.25 ], "texture": "#texture" },
        "east":  { "uv": [ 8.5, 8, 8.25, 8.25 ], "texture": "#texture" }
    }
},
{
    "__comment": "Magic_Tho x64",
    "from": [ 7.5, 8, 7.5 ],
    "to": [ 8.75, 8.25, 8.5 ],
    "faces": {
        "down":  { "uv": [ 7.5, 8, 8.75, 7.75 ], "texture": "#texture" },
        "up":    { "uv": [ 7.5, 7.75, 8.75, 8 ], "texture": "#texture" },
        "north": { "uv": [ 8.75, 7.75, 7.5, 8 ], "texture": "#texture" },
        "south": { "uv": [ 7.5, 7.75, 8.75, 8 ], "texture": "#texture" },
        "west":  { "uv": [ 7.5, 7.75, 7.75, 8 ], "texture": "#texture" },
        "east":  { "uv": [ 8.75, 7.75, 8.5, 8 ], "texture": "#texture" }
    }
},
{
    "__comment": "Magic_Tho x64",
    "from": [ 7.75, 8.25, 7.5 ],
    "to": [ 9, 8.5, 8.5 ],
    "faces": {
        "down":  { "uv": [ 7.75, 7.75, 9, 7.5 ], "texture": "#texture" },
        "up":    { "uv": [ 7.75, 7.5, 9, 7.75 ], "texture": "#texture" },
        "north": { "uv": [ 9, 7.5, 7.75, 7.75 ], "texture": "#texture" },
        "south": { "uv": [ 7.75, 7.5, 9, 7.75 ], "texture": "#texture" },
        "west":  { "uv": [ 7.75, 7.5, 8, 7.75 ], "texture": "#texture" },
        "east":  { "uv": [ 9, 7.5, 8.75, 7.75 ], "texture": "#texture" }
    }
},
{
    "__comment": "Magic_Tho x64",
    "from": [ 8, 8.5, 7.5 ],
    "to": [ 9.25, 8.75, 8.5 ],
    "faces": {
        "down":  { "uv": [ 8, 7.5, 9.25, 7.25 ], "texture": "#texture" },
        "up":    { "uv": [ 8, 7.25, 9.25, 7.5 ], "texture": "#texture" },
        "north": { "uv": [ 9.25, 7.25, 8, 7.5 ], "texture": "#texture" },
        "south": { "uv": [ 8, 7.25, 9.25, 7.5 ], "texture": "#texture" },
        "west":  { "uv": [ 8, 7.25, 8.25, 7.5 ], "texture": "#texture" },
        "east":  { "uv": [ 9.25, 7.25, 9, 7.5 ], "texture": "#texture" }
    }
},
{
    "__comment": "Magic_Tho x64",
    "from": [ 8.25, 8.75, 7.5 ],
    "to": [ 9.5, 9, 8.5 ],
    "faces": {
        "down":  { "uv": [ 8.25, 7.25, 9.5, 7 ], "texture": "#texture" },
        "up":    { "uv": [ 8.25, 7, 9.5, 7.25 ], "texture": "#texture" },
        "north": { "uv": [ 9.5, 7, 8.25, 7.25 ], "texture": "#texture" },
        "south": { "uv": [ 8.25, 7, 9.5, 7.25 ], "texture": "#texture" },
        "west":  { "uv": [ 8.25, 7, 8.5, 7.25 ], "texture": "#texture" },
        "east":  { "uv": [ 9.5, 7, 9.25, 7.25 ], "texture": "#texture" }
    }
},
{
    "__comment": "Magic_Tho x64",
    "from": [ 8.5, 9, 7.5 ],
    "to": [ 9.75, 9.25, 8.5 ],
    "faces": {
        "down":  { "uv": [ 8.5, 7, 9.75, 6.75 ], "texture": "#texture" },
        "up":    { "uv": [ 8.5, 6.75, 9.75, 7 ], "texture": "#texture" },
        "north": { "uv": [ 9.75, 6.75, 8.5, 7 ], "texture": "#texture" },
        "south": { "uv": [ 8.5, 6.75, 9.75, 7 ], "texture": "#texture" },
        "west":  { "uv": [ 8.5, 6.75, 8.75, 7 ], "texture": "#texture" },
        "east":  { "uv": [ 9.75, 6.75, 9.5, 7 ], "texture": "#texture" }
    }
},
{
    "__comment": "Magic_Tho x64",
    "from": [ 8.75, 9.25, 7.5 ],
    "to": [ 10, 9.5, 8.5 ],
    "faces": {
        "down":  { "uv": [ 8.75, 6.75, 10, 6.5 ], "texture": "#texture" },
        "up":    { "uv": [ 8.75, 6.5, 10, 6.75 ], "texture": "#texture" },
        "north": { "uv": [ 10, 6.5, 8.75, 6.75 ], "texture": "#texture" },
        "south": { "uv": [ 8.75, 6.5, 10, 6.75 ], "texture": "#texture" },
        "west":  { "uv": [ 8.75, 6.5, 9, 6.75 ], "texture": "#texture" },
        "east":  { "uv": [ 10, 6.5, 9.75, 6.75 ], "texture": "#texture" }
    }
},
{
    "__comment": "Magic_Tho x64",
    "from": [ 9, 9.5, 7.5 ],
    "to": [ 10.25, 9.75, 8.5 ],
    "faces": {
        "down":  { "uv": [ 9, 6.5, 10.25, 6.25 ], "texture": "#texture" },
        "up":    { "uv": [ 9, 6.25, 10.25, 6.5 ], "texture": "#texture" },
        "north": { "uv": [ 10.25, 6.25, 9, 6.5 ], "texture": "#texture" },
        "south": { "uv": [ 9, 6.25, 10.25, 6.5 ], "texture": "#texture" },
        "west":  { "uv": [ 9, 6.25, 9.25, 6.5 ], "texture": "#texture" },
        "east":  { "uv": [ 10.25, 6.25, 10, 6.5 ], "texture": "#texture" }
    }
},
{
    "__comment": "Magic_Tho x64",
    "from": [ 9.25, 9.75, 7.5 ],
    "to": [ 10.5, 10, 8.5 ],
    "faces": {
        "down":  { "uv": [ 9.25, 6.25, 10.5, 6 ], "texture": "#texture" },
        "up":    { "uv": [ 9.25, 6, 10.5, 6.25 ], "texture": "#texture" },
        "north": { "uv": [ 10.5, 6, 9.25, 6.25 ], "texture": "#texture" },
        "south": { "uv": [ 9.25, 6, 10.5, 6.25 ], "texture": "#texture" },
        "west":  { "uv": [ 9.25, 6, 9.5, 6.25 ], "texture": "#texture" },
        "east":  { "uv": [ 10.5, 6, 10.25, 6.25 ], "texture": "#texture" }
    }
},
{
    "__comment": "Magic_Tho x64",
    "from": [ 9.5, 10, 7.5 ],
    "to": [ 10.75, 10.25, 8.5 ],
    "faces": {
        "down":  { "uv": [ 9.5, 6, 10.75, 5.75 ], "texture": "#texture" },
        "up":    { "uv": [ 9.5, 5.75, 10.75, 6 ], "texture": "#texture" },
        "north": { "uv": [ 10.75, 5.75, 9.5, 6 ], "texture": "#texture" },
        "south": { "uv": [ 9.5, 5.75, 10.75, 6 ], "texture": "#texture" },
        "west":  { "uv": [ 9.5, 5.75, 9.75, 6 ], "texture": "#texture" },
        "east":  { "uv": [ 10.75, 5.75, 10.5, 6 ], "texture": "#texture" }
    }
},
{
    "__comment": "Magic_Tho x64",
    "from": [ 9.75, 10.25, 7.5 ],
    "to": [ 11, 10.5, 8.5 ],
    "faces": {
        "down":  { "uv": [ 9.75, 5.75, 11, 5.5 ], "texture": "#texture" },
        "up":    { "uv": [ 9.75, 5.5, 11, 5.75 ], "texture": "#texture" },
        "north": { "uv": [ 11, 5.5, 9.75, 5.75 ], "texture": "#texture" },
        "south": { "uv": [ 9.75, 5.5, 11, 5.75 ], "texture": "#texture" },
        "west":  { "uv": [ 9.75, 5.5, 10, 5.75 ], "texture": "#texture" },
        "east":  { "uv": [ 11, 5.5, 10.75, 5.75 ], "texture": "#texture" }
    }
},
{
    "__comment": "Magic_Tho x64",
    "from": [ 10, 10.5, 7.5 ],
    "to": [ 11.25, 10.75, 8.5 ],
    "faces": {
        "down":  { "uv": [ 10, 5.5, 11.25, 5.25 ], "texture": "#texture" },
        "up":    { "uv": [ 10, 5.25, 11.25, 5.5 ], "texture": "#texture" },
        "north": { "uv": [ 11.25, 5.25, 10, 5.5 ], "texture": "#texture" },
        "south": { "uv": [ 10, 5.25, 11.25, 5.5 ], "texture": "#texture" },
        "west":  { "uv": [ 10, 5.25, 10.25, 5.5 ], "texture": "#texture" },
        "east":  { "uv": [ 11.25, 5.25, 11, 5.5 ], "texture": "#texture" }
    }
},
{
    "__comment": "Magic_Tho x64",
    "from": [ 10.25, 10.75, 7.5 ],
    "to": [ 11.5, 11, 8.5 ],
    "faces": {
        "down":  { "uv": [ 10.25, 5.25, 11.5, 5 ], "texture": "#texture" },
        "up":    { "uv": [ 10.25, 5, 11.5, 5.25 ], "texture": "#texture" },
        "north": { "uv": [ 11.5, 5, 10.25, 5.25 ], "texture": "#texture" },
        "south": { "uv": [ 10.25, 5, 11.5, 5.25 ], "texture": "#texture" },
        "west":  { "uv": [ 10.25, 5, 10.5, 5.25 ], "texture": "#texture" },
        "east":  { "uv": [ 11.5, 5, 11.25, 5.25 ], "texture": "#texture" }
    }
},
{
    "__comment": "Magic_Tho x64",
    "from": [ 10.5, 13.5, 7.5 ],
    "to": [ 14.25, 14, 8.5 ],
    "faces": {
        "down":  { "uv": [ 10.5, 2.5, 14.25, 2.25 ], "texture": "#texture" },
        "up":    { "uv": [ 10.5, 2, 14.25, 2.25 ], "texture": "#texture" },
        "north": { "uv": [ 14.25, 2, 10.5, 2.5 ], "texture": "#texture" },
        "south": { "uv": [ 10.5, 2, 14.25, 2.5 ], "texture": "#texture" },
        "west":  { "uv": [ 10.5, 2, 10.75, 2.5 ], "texture": "#texture" },
        "east":  { "uv": [ 14.25, 2, 14, 2.5 ], "texture": "#texture" }
    }
},
{
    "__comment": "Magic_Tho x64",
    "from": [ 10.5, 11, 7.5 ],
    "to": [ 12, 11.25, 8.5 ],
    "faces": {
        "down":  { "uv": [ 10.5, 5, 12, 4.75 ], "texture": "#texture" },
        "up":    { "uv": [ 10.5, 4.75, 12, 5 ], "texture": "#texture" },
        "north": { "uv": [ 12, 4.75, 10.5, 5 ], "texture": "#texture" },
        "south": { "uv": [ 10.5, 4.75, 12, 5 ], "texture": "#texture" },
        "west":  { "uv": [ 10.5, 4.75, 10.75, 5 ], "texture": "#texture" },
        "east":  { "uv": [ 12, 4.75, 11.75, 5 ], "texture": "#texture" }
    }
},
{
    "__comment": "Magic_Tho x64",
    "from": [ 10.75, 13.25, 7.5 ],
    "to": [ 14, 13.5, 8.5 ],
    "faces": {
        "down":  { "uv": [ 10.75, 2.75, 14, 2.5 ], "texture": "#texture" },
        "up":    { "uv": [ 10.75, 2.5, 14, 2.75 ], "texture": "#texture" },
        "north": { "uv": [ 14, 2.5, 10.75, 2.75 ], "texture": "#texture" },
        "south": { "uv": [ 10.75, 2.5, 14, 2.75 ], "texture": "#texture" },
        "west":  { "uv": [ 10.75, 2.5, 11, 2.75 ], "texture": "#texture" },
        "east":  { "uv": [ 14, 2.5, 13.75, 2.75 ], "texture": "#texture" }
    }
},
{
    "__comment": "Magic_Tho x64",
    "from": [ 10.75, 11.25, 7.5 ],
    "to": [ 14.5, 11.5, 8.5 ],
    "faces": {
        "down":  { "uv": [ 10.75, 4.75, 14.5, 4.5 ], "texture": "#texture" },
        "up":    { "uv": [ 10.75, 4.5, 14.5, 4.75 ], "texture": "#texture" },
        "north": { "uv": [ 14.5, 4.5, 10.75, 4.75 ], "texture": "#texture" },
        "south": { "uv": [ 10.75, 4.5, 14.5, 4.75 ], "texture": "#texture" },
        "west":  { "uv": [ 10.75, 4.5, 11, 4.75 ], "texture": "#texture" },
        "east":  { "uv": [ 14.5, 4.5, 14.25, 4.75 ], "texture": "#texture" }
    }
},
{
    "__comment": "Magic_Tho x64",
    "from": [ 11, 11.5, 7.5 ],
    "to": [ 14.75, 12, 8.5 ],
    "faces": {
        "down":  { "uv": [ 11, 4.5, 14.75, 4.25 ], "texture": "#texture" },
        "up":    { "uv": [ 11, 4, 14.75, 4.25 ], "texture": "#texture" },
        "north": { "uv": [ 14.75, 4, 11, 4.5 ], "texture": "#texture" },
        "south": { "uv": [ 11, 4, 14.75, 4.5 ], "texture": "#texture" },
        "west":  { "uv": [ 11, 4, 11.25, 4.5 ], "texture": "#texture" },
        "east":  { "uv": [ 14.75, 4, 14.5, 4.5 ], "texture": "#texture" }
    }
},
{
    "__comment": "Magic_Tho x64",
    "from": [ 11.25, 14, 7.5 ],
    "to": [ 12, 14.5, 8.5 ],
    "faces": {
        "down":  { "uv": [ 11.25, 2, 12, 1.75 ], "texture": "#texture" },
        "up":    { "uv": [ 11.25, 1.5, 12, 1.75 ], "texture": "#texture" },
        "north": { "uv": [ 12, 1.5, 11.25, 2 ], "texture": "#texture" },
        "south": { "uv": [ 11.25, 1.5, 12, 2 ], "texture": "#texture" },
        "west":  { "uv": [ 11.25, 1.5, 11.5, 2 ], "texture": "#texture" },
        "east":  { "uv": [ 12, 1.5, 11.75, 2 ], "texture": "#texture" }
    }
},
{
    "__comment": "Magic_Tho x64",
    "from": [ 11.25, 12, 7.5 ],
    "to": [ 14, 13.25, 8.5 ],
    "faces": {
        "down":  { "uv": [ 11.25, 4, 14, 3.75 ], "texture": "#texture" },
        "up":    { "uv": [ 11.25, 2.75, 14, 3 ], "texture": "#texture" },
        "north": { "uv": [ 14, 2.75, 11.25, 4 ], "texture": "#texture" },
        "south": { "uv": [ 11.25, 2.75, 14, 4 ], "texture": "#texture" },
        "west":  { "uv": [ 11.25, 2.75, 11.5, 4 ], "texture": "#texture" },
        "east":  { "uv": [ 14, 2.75, 13.75, 4 ], "texture": "#texture" }
    }
},
{
    "__comment": "Magic_Tho x64",
    "from": [ 11.5, 14.5, 7.5 ],
    "to": [ 12, 14.75, 8.5 ],
    "faces": {
        "down":  { "uv": [ 11.5, 1.5, 12, 1.25 ], "texture": "#texture" },
        "up":    { "uv": [ 11.5, 1.25, 12, 1.5 ], "texture": "#texture" },
        "north": { "uv": [ 12, 1.25, 11.5, 1.5 ], "texture": "#texture" },
        "south": { "uv": [ 11.5, 1.25, 12, 1.5 ], "texture": "#texture" },
        "west":  { "uv": [ 11.5, 1.25, 11.75, 1.5 ], "texture": "#texture" },
        "east":  { "uv": [ 12, 1.25, 11.75, 1.5 ], "texture": "#texture" }
    }
},
{
    "__comment": "Magic_Tho x64",
    "from": [ 13.25, 10.75, 7.5 ],
    "to": [ 14, 11.25, 8.5 ],
    "faces": {
        "down":  { "uv": [ 13.25, 5.25, 14, 5 ], "texture": "#texture" },
        "up":    { "uv": [ 13.25, 4.75, 14, 5 ], "texture": "#texture" },
        "north": { "uv": [ 14, 4.75, 13.25, 5.25 ], "texture": "#texture" },
        "south": { "uv": [ 13.25, 4.75, 14, 5.25 ], "texture": "#texture" },
        "west":  { "uv": [ 13.25, 4.75, 13.5, 5.25 ], "texture": "#texture" },
        "east":  { "uv": [ 14, 4.75, 13.75, 5.25 ], "texture": "#texture" }
    }
},
{
    "__comment": "Magic_Tho x64",
    "from": [ 13.5, 14, 7.5 ],
    "to": [ 14.5, 14.25, 8.5 ],
    "faces": {
        "down":  { "uv": [ 13.5, 2, 14.5, 1.75 ], "texture": "#texture" },
        "up":    { "uv": [ 13.5, 1.75, 14.5, 2 ], "texture": "#texture" },
        "north": { "uv": [ 14.5, 1.75, 13.5, 2 ], "texture": "#texture" },
        "south": { "uv": [ 13.5, 1.75, 14.5, 2 ], "texture": "#texture" },
        "west":  { "uv": [ 13.5, 1.75, 13.75, 2 ], "texture": "#texture" },
        "east":  { "uv": [ 14.5, 1.75, 14.25, 2 ], "texture": "#texture" }
    }
},
{
    "__comment": "Magic_Tho x64",
    "from": [ 13.5, 10.5, 7.5 ],
    "to": [ 14, 10.75, 8.5 ],
    "faces": {
        "down":  { "uv": [ 13.5, 5.5, 14, 5.25 ], "texture": "#texture" },
        "up":    { "uv": [ 13.5, 5.25, 14, 5.5 ], "texture": "#texture" },
        "north": { "uv": [ 14, 5.25, 13.5, 5.5 ], "texture": "#texture" },
        "south": { "uv": [ 13.5, 5.25, 14, 5.5 ], "texture": "#texture" },
        "west":  { "uv": [ 13.5, 5.25, 13.75, 5.5 ], "texture": "#texture" },
        "east":  { "uv": [ 14, 5.25, 13.75, 5.5 ], "texture": "#texture" }
    }
},
{
    "__comment": "Magic_Tho x64",
    "from": [ 14, 14.25, 7.5 ],
    "to": [ 14.5, 14.5, 8.5 ],
    "faces": {
        "down":  { "uv": [ 14, 1.75, 14.5, 1.5 ], "texture": "#texture" },
        "up":    { "uv": [ 14, 1.5, 14.5, 1.75 ], "texture": "#texture" },
        "north": { "uv": [ 14.5, 1.5, 14, 1.75 ], "texture": "#texture" },
        "south": { "uv": [ 14, 1.5, 14.5, 1.75 ], "texture": "#texture" },
        "west":  { "uv": [ 14, 1.5, 14.25, 1.75 ], "texture": "#texture" },
        "east":  { "uv": [ 14.5, 1.5, 14.25, 1.75 ], "texture": "#texture" }
    }
}
],
"display": {
    "thirdperson_righthand": {
        "rotation": [ 0, 90, 41 ],
        "translation": [ 0, 2.27, 1.5 ],
        "scale": [ 2.5, 2.5, 0.5 ]
    },
    "thirdperson_lefthand": {
        "rotation": [ 0, -90, -41 ],
        "translation": [ 0, 2.27, 1.5 ],
        "scale": [ 2.5, 2.5, 0.5 ]
    },
    "head": {
        "rotation": [ 0, 0, 0 ],
        "translation": [ 0, 0, 0 ],
        "scale": [ 1, 1, 1 ]
    },
    "ground": {
        "rotation": [ 0, 0, -30 ],
        "translation": [ 0, 0, 0 ],
        "scale": [ 1.8, 1.8, 0.5 ]
    },
    "fixed": {
        "rotation": [ 0, 0, -27 ],
        "translation": [ 0, 0, 0 ],
        "scale": [ 2.5, 2.5, 0.5 ]
    },
    "firstperson_righthand": {
        "rotation": [ 0, 90, 0 ],
        "translation": [ 1.89, 1.13, -1.32 ],
        "scale": [ 1.5, 1.5, 0.5 ]
    },
    "firstperson_lefthand": {
        "rotation": [ 0, -90, 0 ],
        "translation": [ 1.89, 1.13, -1.32 ],
        "scale": [ 1.5, 1.5, 0.5 ]
    },
    "gui": {
        "rotation": [ 0, 0, 0 ],
        "translation": [ 0, 0, 0 ],
        "scale": [ 1, 1, 1 ]
    }
}
}