{
"__comment": "Designed by Flashtt with BDcraft Cubik PRO 0.96 Beta - http://bdcraft.net",
"textures": {
    "gray": "items/custom/color/gray",
    "blue_light": "items/custom/color/blue_light",
    "black": "items/custom/color/black"
},
"elements": [ 
{
    "from": [ 10.5, 3, 7.5 ],
    "to": [ 11, 10, 8 ],
    "rotation": { "origin": [ 10.5, 10, 7.5 ], "axis": "z", "angle": -45 },
    "faces": {
        "down":  { "uv": [ 8.5, 6.5, 8, 5.5 ], "texture": "#gray" },
        "up":    { "uv": [ 7.5, 5.5, 8, 6.5 ], "texture": "#gray" },
        "north": { "uv": [ 8, 7, 8.5, 8 ], "texture": "#gray" },
        "south": { "uv": [ 7.5, 7, 8, 8 ], "texture": "#gray" },
        "west":  { "uv": [ 5.5, 7, 6.5, 8 ], "texture": "#gray" },
        "east":  { "uv": [ 9.5, 7, 10.5, 8 ], "texture": "#gray" }
    }
},
{
    "from": [ 2.5, 5.5, 7 ],
    "to": [ 8.5, 6.5, 8.5 ],
    "rotation": { "origin": [ 2.5, 6.5, 7 ], "axis": "z", "angle": -22.5 },
    "faces": {
        "down":  { "uv": [ 11.5, 5, 10.5, 4 ], "texture": "#blue_light" },
        "up":    { "uv": [ 4.5, 4, 5.5, 5 ], "texture": "#blue_light" },
        "north": { "uv": [ 10.5, 8, 11.5, 13 ], "texture": "#blue_light" },
        "south": { "uv": [ 4.5, 8, 5.5, 13 ], "texture": "#blue_light" },
        "west":  { "uv": [ 4, 8, 5, 13 ], "texture": "#blue_light" },
        "east":  { "uv": [ 11, 8, 12, 13 ], "texture": "#blue_light" }
    }
},
{
    "from": [ 9, 7, 7 ],
    "to": [ 10, 13, 8.5 ],
    "rotation": { "origin": [ 9, 13, 7 ], "axis": "z", "angle": 22.5 },
    "faces": {
        "down":  { "uv": [ 14.5, 5, 13.5, 4 ], "texture": "#blue_light" },
        "up":    { "uv": [ 1.5, 4, 2.5, 5 ], "texture": "#blue_light" },
        "north": { "uv": [ 13.5, 11, 14.5, 16 ], "texture": "#blue_light" },
        "south": { "uv": [ 1.5, 11, 2.5, 16 ], "texture": "#blue_light" },
        "west":  { "uv": [ 4, 11, 5, 16 ], "texture": "#blue_light" },
        "east":  { "uv": [ 11, 11, 12, 16 ], "texture": "#blue_light" }
    }
},
{
    "from": [ 2, 5.5, 7 ],
    "to": [ 3, 10, 8.5 ],
    "faces": {
        "down":  { "uv": [ 14, 5, 13, 4 ], "texture": "#blue_light" },
        "up":    { "uv": [ 2, 4, 3, 5 ], "texture": "#blue_light" },
        "north": { "uv": [ 13, 6, 14, 10.5 ], "texture": "#blue_light" },
        "south": { "uv": [ 2, 6, 3, 10.5 ], "texture": "#blue_light" },
        "west":  { "uv": [ 4, 6, 5, 10.5 ], "texture": "#blue_light" },
        "east":  { "uv": [ 11, 6, 12, 10.5 ], "texture": "#blue_light" }
    }
},
{
    "from": [ 5.5, 12.5, 7 ],
    "to": [ 10, 13.5, 8.5 ],
    "faces": {
        "down":  { "uv": [ 13, 5, 8, 4 ], "texture": "#blue_light" },
        "up":    { "uv": [ 3, 4, 8, 5 ], "texture": "#blue_light" },
        "north": { "uv": [ 8, 4, 13, 5 ], "texture": "#blue_light" },
        "south": { "uv": [ 3, 4, 8, 5 ], "texture": "#blue_light" },
        "west":  { "uv": [ 4, 4, 5, 5 ], "texture": "#blue_light" },
        "east":  { "uv": [ 11, 4, 12, 5 ], "texture": "#blue_light" }
    }
},
{
    "from": [ 2, 5, 7 ],
    "to": [ 3, 8.5, 8.5 ],
    "rotation": { "origin": [ 2, 8.5, 7 ], "axis": "z", "angle": 22.5 },
    "faces": {
        "down":  { "uv": [ 10.5, 5, 9.5, 4 ], "texture": "#blue_light" },
        "up":    { "uv": [ 5.5, 4, 6.5, 5 ], "texture": "#blue_light" },
        "north": { "uv": [ 9.5, 6, 10.5, 10.5 ], "texture": "#blue_light" },
        "south": { "uv": [ 5.5, 6, 6.5, 10.5 ], "texture": "#blue_light" },
        "west":  { "uv": [ 4, 6, 5, 10.5 ], "texture": "#blue_light" },
        "east":  { "uv": [ 11, 6, 12, 10.5 ], "texture": "#blue_light" }
    }
},
{
    "from": [ 7, 12.5, 7 ],
    "to": [ 10.5, 13.5, 8.5 ],
    "rotation": { "origin": [ 7, 13.5, 7 ], "axis": "z", "angle": -22.5 },
    "faces": {
        "down":  { "uv": [ 9, 5, 5.5, 4 ], "texture": "#blue_light" },
        "up":    { "uv": [ 7, 4, 10.5, 5 ], "texture": "#blue_light" },
        "north": { "uv": [ 5.5, 3, 9, 4 ], "texture": "#blue_light" },
        "south": { "uv": [ 7, 3, 10.5, 4 ], "texture": "#blue_light" },
        "west":  { "uv": [ 4, 3, 5, 4 ], "texture": "#blue_light" },
        "east":  { "uv": [ 11, 3, 12, 4 ], "texture": "#blue_light" }
    }
},
{
    "from": [ 2.5, 3.5, 7 ],
    "to": [ 3.5, 7, 8.5 ],
    "rotation": { "origin": [ 2.5, 7, 7 ], "axis": "z", "angle": 45 },
    "faces": {
        "down":  { "uv": [ 15, 5, 14, 4 ], "texture": "#blue_light" },
        "up":    { "uv": [ 1, 4, 2, 5 ], "texture": "#blue_light" },
        "north": { "uv": [ 14, 1.5, 15, 5 ], "texture": "#blue_light" },
        "south": { "uv": [ 1, 1.5, 2, 5 ], "texture": "#blue_light" },
        "west":  { "uv": [ 4, 1.5, 5, 5 ], "texture": "#blue_light" },
        "east":  { "uv": [ 11, 1.5, 12, 5 ], "texture": "#blue_light" }
    }
},
{
    "from": [ 8.5, 12, 7 ],
    "to": [ 12, 13, 8.5 ],
    "rotation": { "origin": [ 8.5, 13, 7 ], "axis": "z", "angle": -45 },
    "faces": {
        "down":  { "uv": [ 16, 5, 12.5, 4 ], "texture": "#blue_light" },
        "up":    { "uv": [ 0, 4, 3.5, 5 ], "texture": "#blue_light" },
        "north": { "uv": [ 12.5, 1.5, 16, 2.5 ], "texture": "#blue_light" },
        "south": { "uv": [ 0, 1.5, 3.5, 2.5 ], "texture": "#blue_light" },
        "west":  { "uv": [ 4, 1.5, 5, 2.5 ], "texture": "#blue_light" },
        "east":  { "uv": [ 11, 1.5, 12, 2.5 ], "texture": "#blue_light" }
    }
},
{
    "from": [ 2.5, 9.8125, 7 ],
    "to": [ 3.1875, 10.5, 8.5 ],
    "rotation": { "origin": [ 2.5, 10.5, 7 ], "axis": "z", "angle": -45 },
    "faces": {
        "down":  { "uv": [ 13.5, 5, 12.5, 4 ], "texture": "#blue_light" },
        "up":    { "uv": [ 2.5, 4, 3.5, 5 ], "texture": "#blue_light" },
        "north": { "uv": [ 12.5, 4, 13.5, 5 ], "texture": "#blue_light" },
        "south": { "uv": [ 2.5, 4, 3.5, 5 ], "texture": "#blue_light" },
        "west":  { "uv": [ 4, 4, 5, 5 ], "texture": "#blue_light" },
        "east":  { "uv": [ 11, 4, 12, 5 ], "texture": "#blue_light" }
    }
},
{
    "from": [ 5, 12.3125, 7 ],
    "to": [ 5.6875, 13, 8.5 ],
    "rotation": { "origin": [ 5, 13, 7 ], "axis": "z", "angle": 45 },
    "faces": {
        "down":  { "uv": [ 12, 5.5, 11.3125, 4 ], "texture": "#blue_light" },
        "up":    { "uv": [ 4, 4, 4.6875, 5.5 ], "texture": "#blue_light" },
        "north": { "uv": [ 11.3125, 2.5, 12, 3.1875 ], "texture": "#blue_light" },
        "south": { "uv": [ 4, 2.5, 4.6875, 3.1875 ], "texture": "#blue_light" },
        "west":  { "uv": [ 4, 2.5, 5.5, 3.1875 ], "texture": "#blue_light" },
        "east":  { "uv": [ 10.5, 2.5, 12, 3.1875 ], "texture": "#blue_light" }
    }
},
{
    "from": [ 10.375, 8.5625, 7.25 ],
    "to": [ 11.125, 10.0625, 8.25 ],
    "rotation": { "origin": [ 10.375, 10.0625, 7.25 ], "axis": "z", "angle": -45 },
    "faces": {
        "down":  { "uv": [ 16, 8.25, 16, 7.25 ], "texture": "#black" },
        "up":    { "uv": [ 0, 7.25, 0, 8.25 ], "texture": "#black" },
        "north": { "uv": [ 16, 2.125, 16, 3.625 ], "texture": "#black" },
        "south": { "uv": [ 0, 2.125, 0, 3.625 ], "texture": "#black" },
        "west":  { "uv": [ 7.25, 2.125, 8.25, 3.625 ], "texture": "#black" },
        "east":  { "uv": [ 7.75, 2.125, 8.75, 3.625 ], "texture": "#black" }
    }
},
{
    "from": [ 6.375, 4.625, 7.25 ],
    "to": [ 7.125, 6.125, 8.25 ],
    "rotation": { "origin": [ 6.375, 6.125, 7.25 ], "axis": "z", "angle": -45 },
    "faces": {
        "down":  { "uv": [ 7, 8.25, 6.25, 7.25 ], "texture": "#black" },
        "up":    { "uv": [ 9, 7.25, 9.75, 8.25 ], "texture": "#black" },
        "north": { "uv": [ 6.25, 9.5, 7, 11 ], "texture": "#black" },
        "south": { "uv": [ 9, 9.5, 9.75, 11 ], "texture": "#black" },
        "west":  { "uv": [ 7.25, 9.5, 8.25, 11 ], "texture": "#black" },
        "east":  { "uv": [ 7.75, 9.5, 8.75, 11 ], "texture": "#black" }
    }
}
],
"display": {
    "thirdperson_righthand": {
        "rotation": [ 0, -90, 34 ],
        "translation": [ 0, -1.32, 0.19 ],
        "scale": [ 1.3, 1.3, 1 ]
    },
    "thirdperson_lefthand": {
        "rotation": [ 0, -90, 124 ],
        "translation": [ 0, -2.08, 0.19 ],
        "scale": [ 1.3, 1.3, 1 ]
    },
    "head": {
        "rotation": [ 0, 0, 0 ],
        "translation": [ 0, 0, 0 ],
        "scale": [ 1, 1, 1 ]
    },
    "ground": {
        "rotation": [ 0, 0, 0 ],
        "translation": [ 0, 2, 0 ],
        "scale": [ 1.3, 1.3, 1 ]
    },
    "fixed": {
        "rotation": [ 0, 0, 135 ],
        "translation": [ -0.38, 2.27, 0 ],
        "scale": [ 1.5, 1.5, 1 ]
    },
    "firstperson_righthand": {
        "rotation": [ 0, -90, 0 ],
        "translation": [ 0, -0.76, -1.13 ],
        "scale": [ 1.5, 1.5, 1 ]
    },
    "firstperson_lefthand": {
        "rotation": [ 0, 90, 0 ],
        "translation": [ 0, -0.76, -1.12 ],
        "scale": [ 1.5, 1.5, 1 ]
    },
    "gui": {
        "rotation": [ 0, 0, 0 ],
        "translation": [ 1.51, -0.76, 0 ],
        "scale": [ 1.4, 1.4, 1 ]
    }
}
}