{
"__comment": "Designed by Flashtt with BDcraft Cubik PRO 0.96 Beta - http://bdcraft.net",
"textures": {
    "texture": "items/custom/bow/Wind_Bow/Wind_Bow"
},
"elements": [ 
{
    "__comment": "Wind_Bow x32",
    "from": [ 0, 5, 7.5 ],
    "to": [ 4, 5.5, 8.5 ],
    "faces": {
        "down":  { "uv": [ 0, 11, 4, 10.5 ], "texture": "#texture" },
        "up":    { "uv": [ 0, 10.5, 4, 11 ], "texture": "#texture" },
        "north": { "uv": [ 4, 10.5, 0, 11 ], "texture": "#texture" },
        "south": { "uv": [ 0, 10.5, 4, 11 ], "texture": "#texture" },
        "west":  { "uv": [ 0, 10.5, 0.5, 11 ], "texture": "#texture" },
        "east":  { "uv": [ 4, 10.5, 3.5, 11 ], "texture": "#texture" }
    }
},
{
    "__comment": "Wind_Bow x32",
    "from": [ 0, 2.5, 7.5 ],
    "to": [ 3, 3, 8.5 ],
    "faces": {
        "down":  { "uv": [ 0, 13.5, 3, 13 ], "texture": "#texture" },
        "up":    { "uv": [ 0, 13, 3, 13.5 ], "texture": "#texture" },
        "north": { "uv": [ 3, 13, 0, 13.5 ], "texture": "#texture" },
        "south": { "uv": [ 0, 13, 3, 13.5 ], "texture": "#texture" },
        "west":  { "uv": [ 0, 13, 0.5, 13.5 ], "texture": "#texture" },
        "east":  { "uv": [ 3, 13, 2.5, 13.5 ], "texture": "#texture" }
    }
},
{
    "__comment": "Wind_Bow x32",
    "from": [ 0, 0.5, 7.5 ],
    "to": [ 1, 1, 8.5 ],
    "faces": {
        "down":  { "uv": [ 0, 15.5, 1, 15 ], "texture": "#texture" },
        "up":    { "uv": [ 0, 15, 1, 15.5 ], "texture": "#texture" },
        "north": { "uv": [ 1, 15, 0, 15.5 ], "texture": "#texture" },
        "south": { "uv": [ 0, 15, 1, 15.5 ], "texture": "#texture" },
        "west":  { "uv": [ 0, 15, 0.5, 15.5 ], "texture": "#texture" },
        "east":  { "uv": [ 1, 15, 0.5, 15.5 ], "texture": "#texture" }
    }
},
{
    "__comment": "Wind_Bow x32",
    "from": [ 0.5, 5.5, 7.5 ],
    "to": [ 3.5, 6.5, 8.5 ],
    "faces": {
        "down":  { "uv": [ 0.5, 10.5, 3.5, 10 ], "texture": "#texture" },
        "up":    { "uv": [ 0.5, 9.5, 3.5, 10 ], "texture": "#texture" },
        "north": { "uv": [ 3.5, 9.5, 0.5, 10.5 ], "texture": "#texture" },
        "south": { "uv": [ 0.5, 9.5, 3.5, 10.5 ], "texture": "#texture" },
        "west":  { "uv": [ 0.5, 9.5, 1, 10.5 ], "texture": "#texture" },
        "east":  { "uv": [ 3.5, 9.5, 3, 10.5 ], "texture": "#texture" }
    }
},
{
    "__comment": "Wind_Bow x32",
    "from": [ 0.5, 3, 7.5 ],
    "to": [ 3, 3.5, 8.5 ],
    "faces": {
        "down":  { "uv": [ 0.5, 13, 3, 12.5 ], "texture": "#texture" },
        "up":    { "uv": [ 0.5, 12.5, 3, 13 ], "texture": "#texture" },
        "north": { "uv": [ 3, 12.5, 0.5, 13 ], "texture": "#texture" },
        "south": { "uv": [ 0.5, 12.5, 3, 13 ], "texture": "#texture" },
        "west":  { "uv": [ 0.5, 12.5, 1, 13 ], "texture": "#texture" },
        "east":  { "uv": [ 3, 12.5, 2.5, 13 ], "texture": "#texture" }
    }
},
{
    "__comment": "Wind_Bow x32",
    "from": [ 0.5, 1, 7.5 ],
    "to": [ 1.5, 2, 8.5 ],
    "faces": {
        "down":  { "uv": [ 0.5, 15, 1.5, 14.5 ], "texture": "#texture" },
        "up":    { "uv": [ 0.5, 14, 1.5, 14.5 ], "texture": "#texture" },
        "north": { "uv": [ 1.5, 14, 0.5, 15 ], "texture": "#texture" },
        "south": { "uv": [ 0.5, 14, 1.5, 15 ], "texture": "#texture" },
        "west":  { "uv": [ 0.5, 14, 1, 15 ], "texture": "#texture" },
        "east":  { "uv": [ 1.5, 14, 1, 15 ], "texture": "#texture" }
    }
},
{
    "__comment": "Wind_Bow x32",
    "from": [ 1, 6.5, 7.5 ],
    "to": [ 3, 7.5, 8.5 ],
    "faces": {
        "down":  { "uv": [ 1, 9.5, 3, 9 ], "texture": "#texture" },
        "up":    { "uv": [ 1, 8.5, 3, 9 ], "texture": "#texture" },
        "north": { "uv": [ 3, 8.5, 1, 9.5 ], "texture": "#texture" },
        "south": { "uv": [ 1, 8.5, 3, 9.5 ], "texture": "#texture" },
        "west":  { "uv": [ 1, 8.5, 1.5, 9.5 ], "texture": "#texture" },
        "east":  { "uv": [ 3, 8.5, 2.5, 9.5 ], "texture": "#texture" }
    }
},
{
    "__comment": "Wind_Bow x32",
    "from": [ 1, 3.5, 7.5 ],
    "to": [ 3.5, 5, 8.5 ],
    "faces": {
        "down":  { "uv": [ 1, 12.5, 3.5, 12 ], "texture": "#texture" },
        "up":    { "uv": [ 1, 11, 3.5, 11.5 ], "texture": "#texture" },
        "north": { "uv": [ 3.5, 11, 1, 12.5 ], "texture": "#texture" },
        "south": { "uv": [ 1, 11, 3.5, 12.5 ], "texture": "#texture" },
        "west":  { "uv": [ 1, 11, 1.5, 12.5 ], "texture": "#texture" },
        "east":  { "uv": [ 3.5, 11, 3, 12.5 ], "texture": "#texture" }
    }
},
{
    "__comment": "Wind_Bow x32",
    "from": [ 1, 2, 7.5 ],
    "to": [ 4, 2.5, 8.5 ],
    "faces": {
        "down":  { "uv": [ 1, 14, 4, 13.5 ], "texture": "#texture" },
        "up":    { "uv": [ 1, 13.5, 4, 14 ], "texture": "#texture" },
        "north": { "uv": [ 4, 13.5, 1, 14 ], "texture": "#texture" },
        "south": { "uv": [ 1, 13.5, 4, 14 ], "texture": "#texture" },
        "west":  { "uv": [ 1, 13.5, 1.5, 14 ], "texture": "#texture" },
        "east":  { "uv": [ 4, 13.5, 3.5, 14 ], "texture": "#texture" }
    }
},
{
    "__comment": "Wind_Bow x32",
    "from": [ 1.5, 12, 7.5 ],
    "to": [ 2, 13, 8.5 ],
    "faces": {
        "down":  { "uv": [ 1.5, 4, 2, 3.5 ], "texture": "#texture" },
        "up":    { "uv": [ 1.5, 3, 2, 3.5 ], "texture": "#texture" },
        "north": { "uv": [ 2, 3, 1.5, 4 ], "texture": "#texture" },
        "south": { "uv": [ 1.5, 3, 2, 4 ], "texture": "#texture" },
        "west":  { "uv": [ 1.5, 3, 2, 4 ], "texture": "#texture" },
        "east":  { "uv": [ 2, 3, 1.5, 4 ], "texture": "#texture" }
    }
},
{
    "__comment": "Wind_Bow x32",
    "from": [ 1.5, 7.5, 7.5 ],
    "to": [ 3.5, 9, 8.5 ],
    "faces": {
        "down":  { "uv": [ 1.5, 8.5, 3.5, 8 ], "texture": "#texture" },
        "up":    { "uv": [ 1.5, 7, 3.5, 7.5 ], "texture": "#texture" },
        "north": { "uv": [ 3.5, 7, 1.5, 8.5 ], "texture": "#texture" },
        "south": { "uv": [ 1.5, 7, 3.5, 8.5 ], "texture": "#texture" },
        "west":  { "uv": [ 1.5, 7, 2, 8.5 ], "texture": "#texture" },
        "east":  { "uv": [ 3.5, 7, 3, 8.5 ], "texture": "#texture" }
    }
},
{
    "__comment": "Wind_Bow x32",
    "from": [ 1.5, 1.5, 7.5 ],
    "to": [ 2.5, 2, 8.5 ],
    "faces": {
        "down":  { "uv": [ 1.5, 14.5, 2.5, 14 ], "texture": "#texture" },
        "up":    { "uv": [ 1.5, 14, 2.5, 14.5 ], "texture": "#texture" },
        "north": { "uv": [ 2.5, 14, 1.5, 14.5 ], "texture": "#texture" },
        "south": { "uv": [ 1.5, 14, 2.5, 14.5 ], "texture": "#texture" },
        "west":  { "uv": [ 1.5, 14, 2, 14.5 ], "texture": "#texture" },
        "east":  { "uv": [ 2.5, 14, 2, 14.5 ], "texture": "#texture" }
    }
},
{
    "__comment": "Wind_Bow x32",
    "from": [ 2, 11, 7.5 ],
    "to": [ 2.5, 12.5, 8.5 ],
    "faces": {
        "down":  { "uv": [ 2, 5, 2.5, 4.5 ], "texture": "#texture" },
        "up":    { "uv": [ 2, 3.5, 2.5, 4 ], "texture": "#texture" },
        "north": { "uv": [ 2.5, 3.5, 2, 5 ], "texture": "#texture" },
        "south": { "uv": [ 2, 3.5, 2.5, 5 ], "texture": "#texture" },
        "west":  { "uv": [ 2, 3.5, 2.5, 5 ], "texture": "#texture" },
        "east":  { "uv": [ 2.5, 3.5, 2, 5 ], "texture": "#texture" }
    }
},
{
    "__comment": "Wind_Bow x32",
    "from": [ 2, 9, 7.5 ],
    "to": [ 3, 10, 8.5 ],
    "faces": {
        "down":  { "uv": [ 2, 7, 3, 6.5 ], "texture": "#texture" },
        "up":    { "uv": [ 2, 6, 3, 6.5 ], "texture": "#texture" },
        "north": { "uv": [ 3, 6, 2, 7 ], "texture": "#texture" },
        "south": { "uv": [ 2, 6, 3, 7 ], "texture": "#texture" },
        "west":  { "uv": [ 2, 6, 2.5, 7 ], "texture": "#texture" },
        "east":  { "uv": [ 3, 6, 2.5, 7 ], "texture": "#texture" }
    }
},
{
    "__comment": "Wind_Bow x32",
    "from": [ 2, 1, 7.5 ],
    "to": [ 3, 1.5, 8.5 ],
    "faces": {
        "down":  { "uv": [ 2, 15, 3, 14.5 ], "texture": "#texture" },
        "up":    { "uv": [ 2, 14.5, 3, 15 ], "texture": "#texture" },
        "north": { "uv": [ 3, 14.5, 2, 15 ], "texture": "#texture" },
        "south": { "uv": [ 2, 14.5, 3, 15 ], "texture": "#texture" },
        "west":  { "uv": [ 2, 14.5, 2.5, 15 ], "texture": "#texture" },
        "east":  { "uv": [ 3, 14.5, 2.5, 15 ], "texture": "#texture" }
    }
},
{
    "__comment": "Wind_Bow x32",
    "from": [ 2.5, 10, 7.5 ],
    "to": [ 4, 12, 8.5 ],
    "faces": {
        "down":  { "uv": [ 2.5, 6, 4, 5.5 ], "texture": "#texture" },
        "up":    { "uv": [ 2.5, 4, 4, 4.5 ], "texture": "#texture" },
        "north": { "uv": [ 4, 4, 2.5, 6 ], "texture": "#texture" },
        "south": { "uv": [ 2.5, 4, 4, 6 ], "texture": "#texture" },
        "west":  { "uv": [ 2.5, 4, 3, 6 ], "texture": "#texture" },
        "east":  { "uv": [ 4, 4, 3.5, 6 ], "texture": "#texture" }
    }
},
{
    "__comment": "Wind_Bow x32",
    "from": [ 3, 14, 7.5 ],
    "to": [ 4, 14.5, 8.5 ],
    "faces": {
        "down":  { "uv": [ 3, 2, 4, 1.5 ], "texture": "#texture" },
        "up":    { "uv": [ 3, 1.5, 4, 2 ], "texture": "#texture" },
        "north": { "uv": [ 4, 1.5, 3, 2 ], "texture": "#texture" },
        "south": { "uv": [ 3, 1.5, 4, 2 ], "texture": "#texture" },
        "west":  { "uv": [ 3, 1.5, 3.5, 2 ], "texture": "#texture" },
        "east":  { "uv": [ 4, 1.5, 3.5, 2 ], "texture": "#texture" }
    }
},
{
    "__comment": "Wind_Bow x32",
    "from": [ 3, 9.5, 7.5 ],
    "to": [ 4, 10, 8.5 ],
    "faces": {
        "down":  { "uv": [ 3, 6.5, 4, 6 ], "texture": "#texture" },
        "up":    { "uv": [ 3, 6, 4, 6.5 ], "texture": "#texture" },
        "north": { "uv": [ 4, 6, 3, 6.5 ], "texture": "#texture" },
        "south": { "uv": [ 3, 6, 4, 6.5 ], "texture": "#texture" },
        "west":  { "uv": [ 3, 6, 3.5, 6.5 ], "texture": "#texture" },
        "east":  { "uv": [ 4, 6, 3.5, 6.5 ], "texture": "#texture" }
    }
},
{
    "__comment": "Wind_Bow x32",
    "from": [ 3, 7, 7.5 ],
    "to": [ 3.5, 7.5, 8.5 ],
    "faces": {
        "down":  { "uv": [ 3, 9, 3.5, 8.5 ], "texture": "#texture" },
        "up":    { "uv": [ 3, 8.5, 3.5, 9 ], "texture": "#texture" },
        "north": { "uv": [ 3.5, 8.5, 3, 9 ], "texture": "#texture" },
        "south": { "uv": [ 3, 8.5, 3.5, 9 ], "texture": "#texture" },
        "west":  { "uv": [ 3, 8.5, 3.5, 9 ], "texture": "#texture" },
        "east":  { "uv": [ 3.5, 8.5, 3, 9 ], "texture": "#texture" }
    }
},
{
    "__comment": "Wind_Bow x32",
    "from": [ 3, 1.5, 7.5 ],
    "to": [ 3.5, 2, 8.5 ],
    "faces": {
        "down":  { "uv": [ 3, 14.5, 3.5, 14 ], "texture": "#texture" },
        "up":    { "uv": [ 3, 14, 3.5, 14.5 ], "texture": "#texture" },
        "north": { "uv": [ 3.5, 14, 3, 14.5 ], "texture": "#texture" },
        "south": { "uv": [ 3, 14, 3.5, 14.5 ], "texture": "#texture" },
        "west":  { "uv": [ 3, 14, 3.5, 14.5 ], "texture": "#texture" },
        "east":  { "uv": [ 3.5, 14, 3, 14.5 ], "texture": "#texture" }
    }
},
{
    "__comment": "Wind_Bow x32",
    "from": [ 3.5, 13.5, 7.5 ],
    "to": [ 5, 14, 8.5 ],
    "faces": {
        "down":  { "uv": [ 3.5, 2.5, 5, 2 ], "texture": "#texture" },
        "up":    { "uv": [ 3.5, 2, 5, 2.5 ], "texture": "#texture" },
        "north": { "uv": [ 5, 2, 3.5, 2.5 ], "texture": "#texture" },
        "south": { "uv": [ 3.5, 2, 5, 2.5 ], "texture": "#texture" },
        "west":  { "uv": [ 3.5, 2, 4, 2.5 ], "texture": "#texture" },
        "east":  { "uv": [ 5, 2, 4.5, 2.5 ], "texture": "#texture" }
    }
},
{
    "__comment": "Wind_Bow x32",
    "from": [ 3.5, 9, 7.5 ],
    "to": [ 4, 9.5, 8.5 ],
    "faces": {
        "down":  { "uv": [ 3.5, 7, 4, 6.5 ], "texture": "#texture" },
        "up":    { "uv": [ 3.5, 6.5, 4, 7 ], "texture": "#texture" },
        "north": { "uv": [ 4, 6.5, 3.5, 7 ], "texture": "#texture" },
        "south": { "uv": [ 3.5, 6.5, 4, 7 ], "texture": "#texture" },
        "west":  { "uv": [ 3.5, 6.5, 4, 7 ], "texture": "#texture" },
        "east":  { "uv": [ 4, 6.5, 3.5, 7 ], "texture": "#texture" }
    }
},
{
    "__comment": "Wind_Bow x32",
    "from": [ 3.5, 5.5, 7.5 ],
    "to": [ 4, 6, 8.5 ],
    "faces": {
        "down":  { "uv": [ 3.5, 10.5, 4, 10 ], "texture": "#texture" },
        "up":    { "uv": [ 3.5, 10, 4, 10.5 ], "texture": "#texture" },
        "north": { "uv": [ 4, 10, 3.5, 10.5 ], "texture": "#texture" },
        "south": { "uv": [ 3.5, 10, 4, 10.5 ], "texture": "#texture" },
        "west":  { "uv": [ 3.5, 10, 4, 10.5 ], "texture": "#texture" },
        "east":  { "uv": [ 4, 10, 3.5, 10.5 ], "texture": "#texture" }
    }
},
{
    "__comment": "Wind_Bow x32",
    "from": [ 4, 11, 7.5 ],
    "to": [ 4.5, 13.5, 8.5 ],
    "faces": {
        "down":  { "uv": [ 4, 5, 4.5, 4.5 ], "texture": "#texture" },
        "up":    { "uv": [ 4, 2.5, 4.5, 3 ], "texture": "#texture" },
        "north": { "uv": [ 4.5, 2.5, 4, 5 ], "texture": "#texture" },
        "south": { "uv": [ 4, 2.5, 4.5, 5 ], "texture": "#texture" },
        "west":  { "uv": [ 4, 2.5, 4.5, 5 ], "texture": "#texture" },
        "east":  { "uv": [ 4.5, 2.5, 4, 5 ], "texture": "#texture" }
    }
},
{
    "__comment": "Wind_Bow x32",
    "from": [ 4, 2.5, 7.5 ],
    "to": [ 4.5, 3, 8.5 ],
    "faces": {
        "down":  { "uv": [ 4, 13.5, 4.5, 13 ], "texture": "#texture" },
        "up":    { "uv": [ 4, 13, 4.5, 13.5 ], "texture": "#texture" },
        "north": { "uv": [ 4.5, 13, 4, 13.5 ], "texture": "#texture" },
        "south": { "uv": [ 4, 13, 4.5, 13.5 ], "texture": "#texture" },
        "west":  { "uv": [ 4, 13, 4.5, 13.5 ], "texture": "#texture" },
        "east":  { "uv": [ 4.5, 13, 4, 13.5 ], "texture": "#texture" }
    }
},
{
    "__comment": "Wind_Bow x32",
    "from": [ 4.5, 11.5, 7.5 ],
    "to": [ 5, 13.5, 8.5 ],
    "faces": {
        "down":  { "uv": [ 4.5, 4.5, 5, 4 ], "texture": "#texture" },
        "up":    { "uv": [ 4.5, 2.5, 5, 3 ], "texture": "#texture" },
        "north": { "uv": [ 5, 2.5, 4.5, 4.5 ], "texture": "#texture" },
        "south": { "uv": [ 4.5, 2.5, 5, 4.5 ], "texture": "#texture" },
        "west":  { "uv": [ 4.5, 2.5, 5, 4.5 ], "texture": "#texture" },
        "east":  { "uv": [ 5, 2.5, 4.5, 4.5 ], "texture": "#texture" }
    }
},
{
    "__comment": "Wind_Bow x32",
    "from": [ 4.5, 3, 7.5 ],
    "to": [ 5, 3.5, 8.5 ],
    "faces": {
        "down":  { "uv": [ 4.5, 13, 5, 12.5 ], "texture": "#texture" },
        "up":    { "uv": [ 4.5, 12.5, 5, 13 ], "texture": "#texture" },
        "north": { "uv": [ 5, 12.5, 4.5, 13 ], "texture": "#texture" },
        "south": { "uv": [ 4.5, 12.5, 5, 13 ], "texture": "#texture" },
        "west":  { "uv": [ 4.5, 12.5, 5, 13 ], "texture": "#texture" },
        "east":  { "uv": [ 5, 12.5, 4.5, 13 ], "texture": "#texture" }
    }
},
{
    "__comment": "Wind_Bow x32",
    "from": [ 5, 12, 7.5 ],
    "to": [ 6.5, 13.5, 8.5 ],
    "faces": {
        "down":  { "uv": [ 5, 4, 6.5, 3.5 ], "texture": "#texture" },
        "up":    { "uv": [ 5, 2.5, 6.5, 3 ], "texture": "#texture" },
        "north": { "uv": [ 6.5, 2.5, 5, 4 ], "texture": "#texture" },
        "south": { "uv": [ 5, 2.5, 6.5, 4 ], "texture": "#texture" },
        "west":  { "uv": [ 5, 2.5, 5.5, 4 ], "texture": "#texture" },
        "east":  { "uv": [ 6.5, 2.5, 6, 4 ], "texture": "#texture" }
    }
},
{
    "__comment": "Wind_Bow x32",
    "from": [ 5, 3.5, 7.5 ],
    "to": [ 5.5, 4, 8.5 ],
    "faces": {
        "down":  { "uv": [ 5, 12.5, 5.5, 12 ], "texture": "#texture" },
        "up":    { "uv": [ 5, 12, 5.5, 12.5 ], "texture": "#texture" },
        "north": { "uv": [ 5.5, 12, 5, 12.5 ], "texture": "#texture" },
        "south": { "uv": [ 5, 12, 5.5, 12.5 ], "texture": "#texture" },
        "west":  { "uv": [ 5, 12, 5.5, 12.5 ], "texture": "#texture" },
        "east":  { "uv": [ 5.5, 12, 5, 12.5 ], "texture": "#texture" }
    }
},
{
    "__comment": "Wind_Bow x32",
    "from": [ 5.5, 4, 7.5 ],
    "to": [ 6, 4.5, 8.5 ],
    "faces": {
        "down":  { "uv": [ 5.5, 12, 6, 11.5 ], "texture": "#texture" },
        "up":    { "uv": [ 5.5, 11.5, 6, 12 ], "texture": "#texture" },
        "north": { "uv": [ 6, 11.5, 5.5, 12 ], "texture": "#texture" },
        "south": { "uv": [ 5.5, 11.5, 6, 12 ], "texture": "#texture" },
        "west":  { "uv": [ 5.5, 11.5, 6, 12 ], "texture": "#texture" },
        "east":  { "uv": [ 6, 11.5, 5.5, 12 ], "texture": "#texture" }
    }
},
{
    "__comment": "Wind_Bow x32",
    "from": [ 6, 13.5, 7.5 ],
    "to": [ 15, 14, 8.5 ],
    "faces": {
        "down":  { "uv": [ 6, 2.5, 15, 2 ], "texture": "#texture" },
        "up":    { "uv": [ 6, 2, 15, 2.5 ], "texture": "#texture" },
        "north": { "uv": [ 15, 2, 6, 2.5 ], "texture": "#texture" },
        "south": { "uv": [ 6, 2, 15, 2.5 ], "texture": "#texture" },
        "west":  { "uv": [ 6, 2, 6.5, 2.5 ], "texture": "#texture" },
        "east":  { "uv": [ 15, 2, 14.5, 2.5 ], "texture": "#texture" }
    }
},
{
    "__comment": "Wind_Bow x32",
    "from": [ 6, 4.5, 7.5 ],
    "to": [ 6.5, 5, 8.5 ],
    "faces": {
        "down":  { "uv": [ 6, 11.5, 6.5, 11 ], "texture": "#texture" },
        "up":    { "uv": [ 6, 11, 6.5, 11.5 ], "texture": "#texture" },
        "north": { "uv": [ 6.5, 11, 6, 11.5 ], "texture": "#texture" },
        "south": { "uv": [ 6, 11, 6.5, 11.5 ], "texture": "#texture" },
        "west":  { "uv": [ 6, 11, 6.5, 11.5 ], "texture": "#texture" },
        "east":  { "uv": [ 6.5, 11, 6, 11.5 ], "texture": "#texture" }
    }
},
{
    "__comment": "Wind_Bow x32",
    "from": [ 6.5, 13, 7.5 ],
    "to": [ 14, 13.5, 8.5 ],
    "faces": {
        "down":  { "uv": [ 6.5, 3, 14, 2.5 ], "texture": "#texture" },
        "up":    { "uv": [ 6.5, 2.5, 14, 3 ], "texture": "#texture" },
        "north": { "uv": [ 14, 2.5, 6.5, 3 ], "texture": "#texture" },
        "south": { "uv": [ 6.5, 2.5, 14, 3 ], "texture": "#texture" },
        "west":  { "uv": [ 6.5, 2.5, 7, 3 ], "texture": "#texture" },
        "east":  { "uv": [ 14, 2.5, 13.5, 3 ], "texture": "#texture" }
    }
},
{
    "__comment": "Wind_Bow x32",
    "from": [ 6.5, 12, 7.5 ],
    "to": [ 7, 12.5, 8.5 ],
    "faces": {
        "down":  { "uv": [ 6.5, 4, 7, 3.5 ], "texture": "#texture" },
        "up":    { "uv": [ 6.5, 3.5, 7, 4 ], "texture": "#texture" },
        "north": { "uv": [ 7, 3.5, 6.5, 4 ], "texture": "#texture" },
        "south": { "uv": [ 6.5, 3.5, 7, 4 ], "texture": "#texture" },
        "west":  { "uv": [ 6.5, 3.5, 7, 4 ], "texture": "#texture" },
        "east":  { "uv": [ 7, 3.5, 6.5, 4 ], "texture": "#texture" }
    }
},
{
    "__comment": "Wind_Bow x32",
    "from": [ 6.5, 5, 7.5 ],
    "to": [ 7, 5.5, 8.5 ],
    "faces": {
        "down":  { "uv": [ 6.5, 11, 7, 10.5 ], "texture": "#texture" },
        "up":    { "uv": [ 6.5, 10.5, 7, 11 ], "texture": "#texture" },
        "north": { "uv": [ 7, 10.5, 6.5, 11 ], "texture": "#texture" },
        "south": { "uv": [ 6.5, 10.5, 7, 11 ], "texture": "#texture" },
        "west":  { "uv": [ 6.5, 10.5, 7, 11 ], "texture": "#texture" },
        "east":  { "uv": [ 7, 10.5, 6.5, 11 ], "texture": "#texture" }
    }
},
{
    "__comment": "Wind_Bow x32",
    "from": [ 7, 14, 7.5 ],
    "to": [ 14.5, 14.5, 8.5 ],
    "faces": {
        "down":  { "uv": [ 7, 2, 14.5, 1.5 ], "texture": "#texture" },
        "up":    { "uv": [ 7, 1.5, 14.5, 2 ], "texture": "#texture" },
        "north": { "uv": [ 14.5, 1.5, 7, 2 ], "texture": "#texture" },
        "south": { "uv": [ 7, 1.5, 14.5, 2 ], "texture": "#texture" },
        "west":  { "uv": [ 7, 1.5, 7.5, 2 ], "texture": "#texture" },
        "east":  { "uv": [ 14.5, 1.5, 14, 2 ], "texture": "#texture" }
    }
},
{
    "__comment": "Wind_Bow x32",
    "from": [ 7, 12.5, 7.5 ],
    "to": [ 9, 13, 8.5 ],
    "faces": {
        "down":  { "uv": [ 7, 3.5, 9, 3 ], "texture": "#texture" },
        "up":    { "uv": [ 7, 3, 9, 3.5 ], "texture": "#texture" },
        "north": { "uv": [ 9, 3, 7, 3.5 ], "texture": "#texture" },
        "south": { "uv": [ 7, 3, 9, 3.5 ], "texture": "#texture" },
        "west":  { "uv": [ 7, 3, 7.5, 3.5 ], "texture": "#texture" },
        "east":  { "uv": [ 9, 3, 8.5, 3.5 ], "texture": "#texture" }
    }
},
{
    "__comment": "Wind_Bow x32",
    "from": [ 7, 5.5, 7.5 ],
    "to": [ 7.5, 6, 8.5 ],
    "faces": {
        "down":  { "uv": [ 7, 10.5, 7.5, 10 ], "texture": "#texture" },
        "up":    { "uv": [ 7, 10, 7.5, 10.5 ], "texture": "#texture" },
        "north": { "uv": [ 7.5, 10, 7, 10.5 ], "texture": "#texture" },
        "south": { "uv": [ 7, 10, 7.5, 10.5 ], "texture": "#texture" },
        "west":  { "uv": [ 7, 10, 7.5, 10.5 ], "texture": "#texture" },
        "east":  { "uv": [ 7.5, 10, 7, 10.5 ], "texture": "#texture" }
    }
},
{
    "__comment": "Wind_Bow x32",
    "from": [ 7.5, 6, 7.5 ],
    "to": [ 8, 6.5, 8.5 ],
    "faces": {
        "down":  { "uv": [ 7.5, 10, 8, 9.5 ], "texture": "#texture" },
        "up":    { "uv": [ 7.5, 9.5, 8, 10 ], "texture": "#texture" },
        "north": { "uv": [ 8, 9.5, 7.5, 10 ], "texture": "#texture" },
        "south": { "uv": [ 7.5, 9.5, 8, 10 ], "texture": "#texture" },
        "west":  { "uv": [ 7.5, 9.5, 8, 10 ], "texture": "#texture" },
        "east":  { "uv": [ 8, 9.5, 7.5, 10 ], "texture": "#texture" }
    }
},
{
    "__comment": "Wind_Bow x32",
    "from": [ 8, 6.5, 7.5 ],
    "to": [ 8.5, 7, 8.5 ],
    "faces": {
        "down":  { "uv": [ 8, 9.5, 8.5, 9 ], "texture": "#texture" },
        "up":    { "uv": [ 8, 9, 8.5, 9.5 ], "texture": "#texture" },
        "north": { "uv": [ 8.5, 9, 8, 9.5 ], "texture": "#texture" },
        "south": { "uv": [ 8, 9, 8.5, 9.5 ], "texture": "#texture" },
        "west":  { "uv": [ 8, 9, 8.5, 9.5 ], "texture": "#texture" },
        "east":  { "uv": [ 8.5, 9, 8, 9.5 ], "texture": "#texture" }
    }
},
{
    "__comment": "Wind_Bow x32",
    "from": [ 8.5, 14.5, 7.5 ],
    "to": [ 15, 15, 8.5 ],
    "faces": {
        "down":  { "uv": [ 8.5, 1.5, 15, 1 ], "texture": "#texture" },
        "up":    { "uv": [ 8.5, 1, 15, 1.5 ], "texture": "#texture" },
        "north": { "uv": [ 15, 1, 8.5, 1.5 ], "texture": "#texture" },
        "south": { "uv": [ 8.5, 1, 15, 1.5 ], "texture": "#texture" },
        "west":  { "uv": [ 8.5, 1, 9, 1.5 ], "texture": "#texture" },
        "east":  { "uv": [ 15, 1, 14.5, 1.5 ], "texture": "#texture" }
    }
},
{
    "__comment": "Wind_Bow x32",
    "from": [ 8.5, 7, 7.5 ],
    "to": [ 9, 7.5, 8.5 ],
    "faces": {
        "down":  { "uv": [ 8.5, 9, 9, 8.5 ], "texture": "#texture" },
        "up":    { "uv": [ 8.5, 8.5, 9, 9 ], "texture": "#texture" },
        "north": { "uv": [ 9, 8.5, 8.5, 9 ], "texture": "#texture" },
        "south": { "uv": [ 8.5, 8.5, 9, 9 ], "texture": "#texture" },
        "west":  { "uv": [ 8.5, 8.5, 9, 9 ], "texture": "#texture" },
        "east":  { "uv": [ 9, 8.5, 8.5, 9 ], "texture": "#texture" }
    }
},
{
    "__comment": "Wind_Bow x32",
    "from": [ 9, 7.5, 7.5 ],
    "to": [ 9.5, 8, 8.5 ],
    "faces": {
        "down":  { "uv": [ 9, 8.5, 9.5, 8 ], "texture": "#texture" },
        "up":    { "uv": [ 9, 8, 9.5, 8.5 ], "texture": "#texture" },
        "north": { "uv": [ 9.5, 8, 9, 8.5 ], "texture": "#texture" },
        "south": { "uv": [ 9, 8, 9.5, 8.5 ], "texture": "#texture" },
        "west":  { "uv": [ 9, 8, 9.5, 8.5 ], "texture": "#texture" },
        "east":  { "uv": [ 9.5, 8, 9, 8.5 ], "texture": "#texture" }
    }
},
{
    "__comment": "Wind_Bow x32",
    "from": [ 9.5, 15, 7.5 ],
    "to": [ 11, 15.5, 8.5 ],
    "faces": {
        "down":  { "uv": [ 9.5, 1, 11, 0.5 ], "texture": "#texture" },
        "up":    { "uv": [ 9.5, 0.5, 11, 1 ], "texture": "#texture" },
        "north": { "uv": [ 11, 0.5, 9.5, 1 ], "texture": "#texture" },
        "south": { "uv": [ 9.5, 0.5, 11, 1 ], "texture": "#texture" },
        "west":  { "uv": [ 9.5, 0.5, 10, 1 ], "texture": "#texture" },
        "east":  { "uv": [ 11, 0.5, 10.5, 1 ], "texture": "#texture" }
    }
},
{
    "__comment": "Wind_Bow x32",
    "from": [ 9.5, 12.5, 7.5 ],
    "to": [ 12.5, 13, 8.5 ],
    "faces": {
        "down":  { "uv": [ 9.5, 3.5, 12.5, 3 ], "texture": "#texture" },
        "up":    { "uv": [ 9.5, 3, 12.5, 3.5 ], "texture": "#texture" },
        "north": { "uv": [ 12.5, 3, 9.5, 3.5 ], "texture": "#texture" },
        "south": { "uv": [ 9.5, 3, 12.5, 3.5 ], "texture": "#texture" },
        "west":  { "uv": [ 9.5, 3, 10, 3.5 ], "texture": "#texture" },
        "east":  { "uv": [ 12.5, 3, 12, 3.5 ], "texture": "#texture" }
    }
},
{
    "__comment": "Wind_Bow x32",
    "from": [ 9.5, 8, 7.5 ],
    "to": [ 10, 8.5, 8.5 ],
    "faces": {
        "down":  { "uv": [ 9.5, 8, 10, 7.5 ], "texture": "#texture" },
        "up":    { "uv": [ 9.5, 7.5, 10, 8 ], "texture": "#texture" },
        "north": { "uv": [ 10, 7.5, 9.5, 8 ], "texture": "#texture" },
        "south": { "uv": [ 9.5, 7.5, 10, 8 ], "texture": "#texture" },
        "west":  { "uv": [ 9.5, 7.5, 10, 8 ], "texture": "#texture" },
        "east":  { "uv": [ 10, 7.5, 9.5, 8 ], "texture": "#texture" }
    }
},
{
    "__comment": "Wind_Bow x32",
    "from": [ 10, 12, 7.5 ],
    "to": [ 11, 12.5, 8.5 ],
    "faces": {
        "down":  { "uv": [ 10, 4, 11, 3.5 ], "texture": "#texture" },
        "up":    { "uv": [ 10, 3.5, 11, 4 ], "texture": "#texture" },
        "north": { "uv": [ 11, 3.5, 10, 4 ], "texture": "#texture" },
        "south": { "uv": [ 10, 3.5, 11, 4 ], "texture": "#texture" },
        "west":  { "uv": [ 10, 3.5, 10.5, 4 ], "texture": "#texture" },
        "east":  { "uv": [ 11, 3.5, 10.5, 4 ], "texture": "#texture" }
    }
},
{
    "__comment": "Wind_Bow x32",
    "from": [ 10, 8.5, 7.5 ],
    "to": [ 10.5, 9, 8.5 ],
    "faces": {
        "down":  { "uv": [ 10, 7.5, 10.5, 7 ], "texture": "#texture" },
        "up":    { "uv": [ 10, 7, 10.5, 7.5 ], "texture": "#texture" },
        "north": { "uv": [ 10.5, 7, 10, 7.5 ], "texture": "#texture" },
        "south": { "uv": [ 10, 7, 10.5, 7.5 ], "texture": "#texture" },
        "west":  { "uv": [ 10, 7, 10.5, 7.5 ], "texture": "#texture" },
        "east":  { "uv": [ 10.5, 7, 10, 7.5 ], "texture": "#texture" }
    }
},
{
    "__comment": "Wind_Bow x32",
    "from": [ 10.5, 15.5, 7.5 ],
    "to": [ 11, 16, 8.5 ],
    "faces": {
        "down":  { "uv": [ 10.5, 0.5, 11, 0 ], "texture": "#texture" },
        "up":    { "uv": [ 10.5, 0, 11, 0.5 ], "texture": "#texture" },
        "north": { "uv": [ 11, 0, 10.5, 0.5 ], "texture": "#texture" },
        "south": { "uv": [ 10.5, 0, 11, 0.5 ], "texture": "#texture" },
        "west":  { "uv": [ 10.5, 0, 11, 0.5 ], "texture": "#texture" },
        "east":  { "uv": [ 11, 0, 10.5, 0.5 ], "texture": "#texture" }
    }
},
{
    "__comment": "Wind_Bow x32",
    "from": [ 10.5, 9, 7.5 ],
    "to": [ 11, 9.5, 8.5 ],
    "faces": {
        "down":  { "uv": [ 10.5, 7, 11, 6.5 ], "texture": "#texture" },
        "up":    { "uv": [ 10.5, 6.5, 11, 7 ], "texture": "#texture" },
        "north": { "uv": [ 11, 6.5, 10.5, 7 ], "texture": "#texture" },
        "south": { "uv": [ 10.5, 6.5, 11, 7 ], "texture": "#texture" },
        "west":  { "uv": [ 10.5, 6.5, 11, 7 ], "texture": "#texture" },
        "east":  { "uv": [ 11, 6.5, 10.5, 7 ], "texture": "#texture" }
    }
},
{
    "__comment": "Wind_Bow x32",
    "from": [ 11, 9.5, 7.5 ],
    "to": [ 11.5, 10, 8.5 ],
    "faces": {
        "down":  { "uv": [ 11, 6.5, 11.5, 6 ], "texture": "#texture" },
        "up":    { "uv": [ 11, 6, 11.5, 6.5 ], "texture": "#texture" },
        "north": { "uv": [ 11.5, 6, 11, 6.5 ], "texture": "#texture" },
        "south": { "uv": [ 11, 6, 11.5, 6.5 ], "texture": "#texture" },
        "west":  { "uv": [ 11, 6, 11.5, 6.5 ], "texture": "#texture" },
        "east":  { "uv": [ 11.5, 6, 11, 6.5 ], "texture": "#texture" }
    }
},
{
    "__comment": "Wind_Bow x32",
    "from": [ 11.5, 10, 7.5 ],
    "to": [ 12, 10.5, 8.5 ],
    "faces": {
        "down":  { "uv": [ 11.5, 6, 12, 5.5 ], "texture": "#texture" },
        "up":    { "uv": [ 11.5, 5.5, 12, 6 ], "texture": "#texture" },
        "north": { "uv": [ 12, 5.5, 11.5, 6 ], "texture": "#texture" },
        "south": { "uv": [ 11.5, 5.5, 12, 6 ], "texture": "#texture" },
        "west":  { "uv": [ 11.5, 5.5, 12, 6 ], "texture": "#texture" },
        "east":  { "uv": [ 12, 5.5, 11.5, 6 ], "texture": "#texture" }
    }
},
{
    "__comment": "Wind_Bow x32",
    "from": [ 12, 10.5, 7.5 ],
    "to": [ 12.5, 11, 8.5 ],
    "faces": {
        "down":  { "uv": [ 12, 5.5, 12.5, 5 ], "texture": "#texture" },
        "up":    { "uv": [ 12, 5, 12.5, 5.5 ], "texture": "#texture" },
        "north": { "uv": [ 12.5, 5, 12, 5.5 ], "texture": "#texture" },
        "south": { "uv": [ 12, 5, 12.5, 5.5 ], "texture": "#texture" },
        "west":  { "uv": [ 12, 5, 12.5, 5.5 ], "texture": "#texture" },
        "east":  { "uv": [ 12.5, 5, 12, 5.5 ], "texture": "#texture" }
    }
},
{
    "__comment": "Wind_Bow x32",
    "from": [ 12.5, 15, 7.5 ],
    "to": [ 13.5, 15.5, 8.5 ],
    "faces": {
        "down":  { "uv": [ 12.5, 1, 13.5, 0.5 ], "texture": "#texture" },
        "up":    { "uv": [ 12.5, 0.5, 13.5, 1 ], "texture": "#texture" },
        "north": { "uv": [ 13.5, 0.5, 12.5, 1 ], "texture": "#texture" },
        "south": { "uv": [ 12.5, 0.5, 13.5, 1 ], "texture": "#texture" },
        "west":  { "uv": [ 12.5, 0.5, 13, 1 ], "texture": "#texture" },
        "east":  { "uv": [ 13.5, 0.5, 13, 1 ], "texture": "#texture" }
    }
},
{
    "__comment": "Wind_Bow x32",
    "from": [ 12.5, 11, 7.5 ],
    "to": [ 13, 11.5, 8.5 ],
    "faces": {
        "down":  { "uv": [ 12.5, 5, 13, 4.5 ], "texture": "#texture" },
        "up":    { "uv": [ 12.5, 4.5, 13, 5 ], "texture": "#texture" },
        "north": { "uv": [ 13, 4.5, 12.5, 5 ], "texture": "#texture" },
        "south": { "uv": [ 12.5, 4.5, 13, 5 ], "texture": "#texture" },
        "west":  { "uv": [ 12.5, 4.5, 13, 5 ], "texture": "#texture" },
        "east":  { "uv": [ 13, 4.5, 12.5, 5 ], "texture": "#texture" }
    }
},
{
    "__comment": "Wind_Bow x32",
    "from": [ 13, 15.5, 7.5 ],
    "to": [ 13.5, 16, 8.5 ],
    "faces": {
        "down":  { "uv": [ 13, 0.5, 13.5, 0 ], "texture": "#texture" },
        "up":    { "uv": [ 13, 0, 13.5, 0.5 ], "texture": "#texture" },
        "north": { "uv": [ 13.5, 0, 13, 0.5 ], "texture": "#texture" },
        "south": { "uv": [ 13, 0, 13.5, 0.5 ], "texture": "#texture" },
        "west":  { "uv": [ 13, 0, 13.5, 0.5 ], "texture": "#texture" },
        "east":  { "uv": [ 13.5, 0, 13, 0.5 ], "texture": "#texture" }
    }
},
{
    "__comment": "Wind_Bow x32",
    "from": [ 13, 11.5, 7.5 ],
    "to": [ 13.5, 12, 8.5 ],
    "faces": {
        "down":  { "uv": [ 13, 4.5, 13.5, 4 ], "texture": "#texture" },
        "up":    { "uv": [ 13, 4, 13.5, 4.5 ], "texture": "#texture" },
        "north": { "uv": [ 13.5, 4, 13, 4.5 ], "texture": "#texture" },
        "south": { "uv": [ 13, 4, 13.5, 4.5 ], "texture": "#texture" },
        "west":  { "uv": [ 13, 4, 13.5, 4.5 ], "texture": "#texture" },
        "east":  { "uv": [ 13.5, 4, 13, 4.5 ], "texture": "#texture" }
    }
},
{
    "__comment": "Wind_Bow x32",
    "from": [ 13.5, 12, 7.5 ],
    "to": [ 14, 13, 8.5 ],
    "faces": {
        "down":  { "uv": [ 13.5, 4, 14, 3.5 ], "texture": "#texture" },
        "up":    { "uv": [ 13.5, 3, 14, 3.5 ], "texture": "#texture" },
        "north": { "uv": [ 14, 3, 13.5, 4 ], "texture": "#texture" },
        "south": { "uv": [ 13.5, 3, 14, 4 ], "texture": "#texture" },
        "west":  { "uv": [ 13.5, 3, 14, 4 ], "texture": "#texture" },
        "east":  { "uv": [ 14, 3, 13.5, 4 ], "texture": "#texture" }
    }
},
{
    "__comment": "Wind_Bow x32",
    "from": [ 14, 15, 7.5 ],
    "to": [ 15.5, 15.5, 8.5 ],
    "faces": {
        "down":  { "uv": [ 14, 1, 15.5, 0.5 ], "texture": "#texture" },
        "up":    { "uv": [ 14, 0.5, 15.5, 1 ], "texture": "#texture" },
        "north": { "uv": [ 15.5, 0.5, 14, 1 ], "texture": "#texture" },
        "south": { "uv": [ 14, 0.5, 15.5, 1 ], "texture": "#texture" },
        "west":  { "uv": [ 14, 0.5, 14.5, 1 ], "texture": "#texture" },
        "east":  { "uv": [ 15.5, 0.5, 15, 1 ], "texture": "#texture" }
    }
},
{
    "__comment": "Wind_Bow x32",
    "from": [ 14, 12.5, 7.5 ],
    "to": [ 14.5, 13, 8.5 ],
    "faces": {
        "down":  { "uv": [ 14, 3.5, 14.5, 3 ], "texture": "#texture" },
        "up":    { "uv": [ 14, 3, 14.5, 3.5 ], "texture": "#texture" },
        "north": { "uv": [ 14.5, 3, 14, 3.5 ], "texture": "#texture" },
        "south": { "uv": [ 14, 3, 14.5, 3.5 ], "texture": "#texture" },
        "west":  { "uv": [ 14, 3, 14.5, 3.5 ], "texture": "#texture" },
        "east":  { "uv": [ 14.5, 3, 14, 3.5 ], "texture": "#texture" }
    }
},
{
    "__comment": "Wind_Bow x32",
    "from": [ 14.5, 13, 7.5 ],
    "to": [ 15, 13.5, 8.5 ],
    "faces": {
        "down":  { "uv": [ 14.5, 3, 15, 2.5 ], "texture": "#texture" },
        "up":    { "uv": [ 14.5, 2.5, 15, 3 ], "texture": "#texture" },
        "north": { "uv": [ 15, 2.5, 14.5, 3 ], "texture": "#texture" },
        "south": { "uv": [ 14.5, 2.5, 15, 3 ], "texture": "#texture" },
        "west":  { "uv": [ 14.5, 2.5, 15, 3 ], "texture": "#texture" },
        "east":  { "uv": [ 15, 2.5, 14.5, 3 ], "texture": "#texture" }
    }
},
{
    "__comment": "Wind_Bow x32",
    "from": [ 15, 15.5, 7.5 ],
    "to": [ 15.5, 16, 8.5 ],
    "faces": {
        "down":  { "uv": [ 15, 0.5, 15.5, 0 ], "texture": "#texture" },
        "up":    { "uv": [ 15, 0, 15.5, 0.5 ], "texture": "#texture" },
        "north": { "uv": [ 15.5, 0, 15, 0.5 ], "texture": "#texture" },
        "south": { "uv": [ 15, 0, 15.5, 0.5 ], "texture": "#texture" },
        "west":  { "uv": [ 15, 0, 15.5, 0.5 ], "texture": "#texture" },
        "east":  { "uv": [ 15.5, 0, 15, 0.5 ], "texture": "#texture" }
    }
}
],
"display": {
    "thirdperson_righthand": {
        "rotation": [ 0, -100, 35 ],
        "translation": [ -1.32, -1.13, 10.96 ],
        "scale": [ 1.5, 1.5, 1 ]
    },
    "thirdperson_lefthand": {
        "rotation": [ 0, -100, 125 ],
        "translation": [ -1.32, 1.32, 10.96 ],
        "scale": [ 1.5, 1.5, 1 ]
    },
    "head": {
        "rotation": [ 0, -180, -108 ],
        "translation": [ 0.94, -18.14, 3.5 ],
        "scale": [ 1.5, 1.5, 1 ]
    },
    "fixed": {
        "rotation": [ 0, 0, 157 ],
        "translation": [ 0, 0, 0 ],
        "scale": [ 1.5, 1.5, 1 ]
    },
    "firstperson_righthand": {
        "rotation": [ 0, -90, 28 ],
        "translation": [ 0, 3.59, 0 ],
        "scale": [ 1.5, 1.5, 1.0 ]
    },
    "firstperson_lefthand": {
        "rotation": [ 0, 90, -28 ],
        "translation": [ 0, 3.59, 0 ],
        "scale": [ 1.5, 1.5, 1.0 ]
    },
    "gui": {
        "rotation": [ 0, 0, 0 ],
        "translation": [ 0, 0, 0 ],
        "scale": [ 1, 1, 1 ]
    }
}
}