{
	"parent": "item/handheld",
	"textures": {
		"layer0": "items/shears"
	},
	"overrides": [
		{ "predicate": {"damaged": 0, "damage": 0}, "model": "item/shears"},
		{ "predicate": {"damaged": 0, "damage": 0.004201680672268907}, "model": "item/custom/icon/000"},
		{ "predicate": {"damaged": 0, "damage": 0.008403361344537815}, "model": "item/custom/icon/001"},
		{ "predicate": {"damaged": 0, "damage": 0.012605042016806723}, "model": "item/custom/icon/002"},
		{ "predicate": {"damaged": 0, "damage": 0.01680672268907563}, "model": "item/custom/icon/003"},
		{ "predicate": {"damaged": 0, "damage": 0.021008403361344536}, "model": "item/custom/icon/004"},
		{ "predicate": {"damaged": 0, "damage": 0.025210084033613446}, "model": "item/custom/icon/005"},
		{ "predicate": {"damaged": 0, "damage": 0.029411764705882353}, "model": "item/custom/icon/006"},
		{ "predicate": {"damaged": 0, "damage": 0.03361344537815126}, "model": "item/custom/icon/007"},
		{ "predicate": {"damaged": 0, "damage": 0.037815126050420166}, "model": "item/custom/icon/008"},
		{ "predicate": {"damaged": 0, "damage": 0.04201680672268907}, "model": "item/custom/icon/009"},
		{ "predicate": {"damaged": 0, "damage": 0.04621848739495798}, "model": "item/custom/icon/010"},
		{ "predicate": {"damaged": 0, "damage": 0.05042016806722689}, "model": "item/custom/icon/011"},
		{ "predicate": {"damaged": 0, "damage": 0.0546218487394958}, "model": "item/custom/icon/012"},
		{ "predicate": {"damaged": 0, "damage": 0.058823529411764705}, "model": "item/custom/icon/013"},
		{ "predicate": {"damaged": 0, "damage": 0.06302521008403361}, "model": "item/custom/icon/014"},
		{ "predicate": {"damaged": 0, "damage": 0.06722689075630252}, "model": "item/custom/icon/015"},
		{ "predicate": {"damaged": 0, "damage": 0.07142857142857142}, "model": "item/custom/icon/016"},
		{ "predicate": {"damaged": 0, "damage": 0.07563025210084033}, "model": "item/custom/icon/017"},
		{ "predicate": {"damaged": 0, "damage": 0.07983193277310924}, "model": "item/custom/icon/018"},
		{ "predicate": {"damaged": 0, "damage": 0.08403361344537814}, "model": "item/custom/icon/019"},
		{ "predicate": {"damaged": 0, "damage": 0.08823529411764705}, "model": "item/custom/icon/020"},
		{ "predicate": {"damaged": 0, "damage": 0.09243697478991596}, "model": "item/custom/icon/021"},
		{ "predicate": {"damaged": 0, "damage": 0.09663865546218486}, "model": "item/custom/icon/022"},
		{ "predicate": {"damaged": 0, "damage": 0.10084033613445378}, "model": "item/custom/icon/023"},
		{ "predicate": {"damaged": 0, "damage": 0.10504201680672269}, "model": "item/custom/icon/024"},
		{ "predicate": {"damaged": 0, "damage": 0.1092436974789916}, "model": "item/custom/icon/025"},
		{ "predicate": {"damaged": 0, "damage": 0.1134453781512605}, "model": "item/custom/icon/026"},
		{ "predicate": {"damaged": 0, "damage": 0.11764705882352941}, "model": "item/custom/icon/027"},
		{ "predicate": {"damaged": 0, "damage": 0.12184873949579832}, "model": "item/custom/icon/028"},
		{ "predicate": {"damaged": 0, "damage": 0.12605042016806722}, "model": "item/custom/icon/029"},
		{ "predicate": {"damaged": 0, "damage": 0.13025210084033612}, "model": "item/custom/icon/030"},
		{ "predicate": {"damaged": 0, "damage": 0.13445378151260504}, "model": "item/custom/icon/031"},
		{ "predicate": {"damaged": 0, "damage": 0.13865546218487396}, "model": "item/custom/icon/032"},
		{ "predicate": {"damaged": 0, "damage": 0.14285714285714285}, "model": "item/custom/icon/033"},
		{ "predicate": {"damaged": 0, "damage": 0.14705882352941177}, "model": "item/custom/icon/034"},
		{ "predicate": {"damaged": 0, "damage": 0.15126050420168066}, "model": "item/custom/icon/035"},
		{ "predicate": {"damaged": 0, "damage": 0.15546218487394958}, "model": "item/custom/icon/036"},
		{ "predicate": {"damaged": 0, "damage": 0.15966386554621848}, "model": "item/custom/icon/037"},
		{ "predicate": {"damaged": 0, "damage": 0.1638655462184874}, "model": "item/custom/icon/038"},
		{ "predicate": {"damaged": 0, "damage": 0.1680672268907563}, "model": "item/custom/icon/039"},
		{ "predicate": {"damaged": 0, "damage": 0.1722689075630252}, "model": "item/custom/icon/040"},
		{ "predicate": {"damaged": 0, "damage": 0.1764705882352941}, "model": "item/custom/icon/041"},
		{ "predicate": {"damaged": 0, "damage": 0.18067226890756302}, "model": "item/custom/icon/042"},
		{ "predicate": {"damaged": 0, "damage": 0.18487394957983191}, "model": "item/custom/icon/043"},
		{ "predicate": {"damaged": 0, "damage": 0.18907563025210083}, "model": "item/custom/icon/044"},
		{ "predicate": {"damaged": 0, "damage": 0.19327731092436973}, "model": "item/custom/icon/045"},
		{ "predicate": {"damaged": 0, "damage": 0.19747899159663865}, "model": "item/custom/icon/046"},
		{ "predicate": {"damaged": 0, "damage": 0.20168067226890757}, "model": "item/custom/icon/047"},
		{ "predicate": {"damaged": 0, "damage": 0.20588235294117646}, "model": "item/custom/icon/048"},
		{ "predicate": {"damaged": 0, "damage": 0.21008403361344538}, "model": "item/custom/icon/049"},
		{ "predicate": {"damaged": 0, "damage": 0.21428571428571427}, "model": "item/custom/icon/050"},
		{ "predicate": {"damaged": 0, "damage": 0.2184873949579832}, "model": "item/custom/icon/051"},
		{ "predicate": {"damaged": 0, "damage": 0.2226890756302521}, "model": "item/custom/icon/052"},
		{ "predicate": {"damaged": 0, "damage": 0.226890756302521}, "model": "item/custom/icon/053"},
		{ "predicate": {"damaged": 0, "damage": 0.2310924369747899}, "model": "item/custom/icon/054"},
		{ "predicate": {"damaged": 0, "damage": 0.23529411764705882}, "model": "item/custom/icon/055"},
		{ "predicate": {"damaged": 0, "damage": 0.2394957983193277}, "model": "item/custom/icon/056"},
		{ "predicate": {"damaged": 0, "damage": 0.24369747899159663}, "model": "item/custom/icon/057"},
		{ "predicate": {"damaged": 0, "damage": 0.24789915966386553}, "model": "item/custom/icon/058"},
		{ "predicate": {"damaged": 0, "damage": 0.25210084033613445}, "model": "item/custom/icon/059"},
		{ "predicate": {"damaged": 0, "damage": 0.25630252100840334}, "model": "item/custom/icon/060"},
		{ "predicate": {"damaged": 0, "damage": 0.26050420168067223}, "model": "item/custom/icon/061"},
		{ "predicate": {"damaged": 0, "damage": 0.2647058823529412}, "model": "item/custom/icon/062"},
		{ "predicate": {"damaged": 0, "damage": 0.2689075630252101}, "model": "item/custom/icon/063"},
		{ "predicate": {"damaged": 0, "damage": 0.27310924369747897}, "model": "item/custom/icon/064"},
		{ "predicate": {"damaged": 0, "damage": 0.2773109243697479}, "model": "item/custom/icon/065"},
		{ "predicate": {"damaged": 0, "damage": 0.2815126050420168}, "model": "item/custom/icon/066"},
		{ "predicate": {"damaged": 0, "damage": 0.2857142857142857}, "model": "item/custom/icon/067"},
		{ "predicate": {"damaged": 0, "damage": 0.2899159663865546}, "model": "item/custom/icon/068"},
		{ "predicate": {"damaged": 0, "damage": 0.29411764705882354}, "model": "item/custom/icon/069"},
		{ "predicate": {"damaged": 0, "damage": 0.29831932773109243}, "model": "item/custom/icon/070"},
		{ "predicate": {"damaged": 0, "damage": 0.3025210084033613}, "model": "item/custom/icon/071"},
		{ "predicate": {"damaged": 0, "damage": 0.3067226890756302}, "model": "item/custom/icon/072"},
		{ "predicate": {"damaged": 0, "damage": 0.31092436974789917}, "model": "item/custom/icon/073"},
		{ "predicate": {"damaged": 0, "damage": 0.31512605042016806}, "model": "item/custom/icon/074"},
		{ "predicate": {"damaged": 0, "damage": 0.31932773109243695}, "model": "item/custom/icon/075"},
		{ "predicate": {"damaged": 0, "damage": 0.32352941176470584}, "model": "item/custom/icon/076"},
		{ "predicate": {"damaged": 0, "damage": 0.3277310924369748}, "model": "item/custom/icon/077"},
		{ "predicate": {"damaged": 0, "damage": 0.3319327731092437}, "model": "item/custom/icon/078"},
		{ "predicate": {"damaged": 0, "damage": 0.3361344537815126}, "model": "item/custom/icon/079"},
		{ "predicate": {"damaged": 0, "damage": 0.3403361344537815}, "model": "item/custom/icon/080"},
		{ "predicate": {"damaged": 0, "damage": 0.3445378151260504}, "model": "item/custom/icon/081"},
		{ "predicate": {"damaged": 0, "damage": 0.3487394957983193}, "model": "item/custom/icon/082"},
		{ "predicate": {"damaged": 0, "damage": 0.3529411764705882}, "model": "item/custom/icon/083"},
		{ "predicate": {"damaged": 0, "damage": 0.35714285714285715}, "model": "item/custom/icon/084"},
		{ "predicate": {"damaged": 0, "damage": 0.36134453781512604}, "model": "item/custom/icon/085"},
		{ "predicate": {"damaged": 0, "damage": 0.36554621848739494}, "model": "item/custom/icon/086"},
		{ "predicate": {"damaged": 0, "damage": 0.36974789915966383}, "model": "item/custom/icon/087"},
		{ "predicate": {"damaged": 0, "damage": 0.3739495798319328}, "model": "item/custom/icon/088"},
		{ "predicate": {"damaged": 0, "damage": 0.37815126050420167}, "model": "item/custom/icon/089"},
		{ "predicate": {"damaged": 0, "damage": 0.38235294117647056}, "model": "item/custom/icon/090"},
		{ "predicate": {"damaged": 0, "damage": 0.38655462184873945}, "model": "item/custom/icon/091"},
		{ "predicate": {"damaged": 0, "damage": 0.3907563025210084}, "model": "item/custom/icon/092"},
		{ "predicate": {"damaged": 0, "damage": 0.3949579831932773}, "model": "item/custom/icon/093"},
		{ "predicate": {"damaged": 0, "damage": 0.3991596638655462}, "model": "item/custom/icon/094"},
		{ "predicate": {"damaged": 0, "damage": 0.40336134453781514}, "model": "item/custom/icon/095"},
		{ "predicate": {"damaged": 0, "damage": 0.40756302521008403}, "model": "item/custom/icon/096"},
		{ "predicate": {"damaged": 0, "damage": 0.4117647058823529}, "model": "item/custom/icon/097"},
		{ "predicate": {"damaged": 0, "damage": 0.4159663865546218}, "model": "item/custom/icon/098"},
		{ "predicate": {"damaged": 0, "damage": 0.42016806722689076}, "model": "item/custom/icon/099"},
		{ "predicate": {"damaged": 0, "damage": 0.42436974789915966}, "model": "item/custom/icon/100"},
		{ "predicate": {"damaged": 0, "damage": 0.42857142857142855}, "model": "item/custom/icon/101"},
		{ "predicate": {"damaged": 0, "damage": 0.43277310924369744}, "model": "item/custom/icon/102"},
		{ "predicate": {"damaged": 0, "damage": 0.4369747899159664}, "model": "item/custom/icon/103"},
		{ "predicate": {"damaged": 0, "damage": 0.4411764705882353}, "model": "item/custom/icon/104"},
		{ "predicate": {"damaged": 0, "damage": 0.4453781512605042}, "model": "item/custom/icon/105"},
		{ "predicate": {"damaged": 0, "damage": 0.44957983193277307}, "model": "item/custom/icon/106"},
		{ "predicate": {"damaged": 0, "damage": 0.453781512605042}, "model": "item/custom/icon/107"},
		{ "predicate": {"damaged": 0, "damage": 0.4579831932773109}, "model": "item/custom/icon/108"},
		{ "predicate": {"damaged": 0, "damage": 0.4621848739495798}, "model": "item/custom/icon/109"},
		{ "predicate": {"damaged": 0, "damage": 0.4663865546218487}, "model": "item/custom/icon/110"},
		{ "predicate": {"damaged": 0, "damage": 0.47058823529411764}, "model": "item/custom/icon/111"},
		{ "predicate": {"damaged": 0, "damage": 0.47478991596638653}, "model": "item/custom/icon/112"},
		{ "predicate": {"damaged": 0, "damage": 0.4789915966386554}, "model": "item/custom/icon/113"},
		{ "predicate": {"damaged": 0, "damage": 0.4831932773109244}, "model": "item/custom/icon/114"},
		{ "predicate": {"damaged": 0, "damage": 0.48739495798319327}, "model": "item/custom/icon/115"},
		{ "predicate": {"damaged": 0, "damage": 0.49159663865546216}, "model": "item/custom/icon/116"},
		{ "predicate": {"damaged": 0, "damage": 0.49579831932773105}, "model": "item/custom/icon/117"},
		{ "predicate": {"damaged": 0, "damage": 0.5}, "model": "item/custom/icon/118"},
		{ "predicate": {"damaged": 0, "damage": 0.5042016806722689}, "model": "item/custom/icon/119"},
		{ "predicate": {"damaged": 0, "damage": 0.5084033613445378}, "model": "item/custom/icon/120"},
		{ "predicate": {"damaged": 0, "damage": 0.5126050420168067}, "model": "item/custom/icon/121"},
		{ "predicate": {"damaged": 0, "damage": 0.5168067226890756}, "model": "item/custom/icon/122"},
		{ "predicate": {"damaged": 0, "damage": 0.5210084033613445}, "model": "item/custom/icon/123"},
		{ "predicate": {"damaged": 0, "damage": 0.5252100840336135}, "model": "item/custom/icon/124"},
		{ "predicate": {"damaged": 0, "damage": 0.5294117647058824}, "model": "item/custom/icon/125"},
		{ "predicate": {"damaged": 0, "damage": 0.5336134453781513}, "model": "item/custom/icon/126"},
		{ "predicate": {"damaged": 0, "damage": 0.5378151260504201}, "model": "item/custom/icon/127"},
		{ "predicate": {"damaged": 0, "damage": 0.542016806722689}, "model": "item/custom/icon/128"},
		{ "predicate": {"damaged": 0, "damage": 0.5462184873949579}, "model": "item/custom/icon/129"},
		{ "predicate": {"damaged": 0, "damage": 0.5504201680672268}, "model": "item/custom/icon/130"},
		{ "predicate": {"damaged": 0, "damage": 0.5546218487394958}, "model": "item/custom/icon/131"},
		{ "predicate": {"damaged": 0, "damage": 0.5588235294117647}, "model": "item/custom/icon/132"},
		{ "predicate": {"damaged": 0, "damage": 0.5630252100840336}, "model": "item/custom/icon/133"},
		{ "predicate": {"damaged": 0, "damage": 0.5672268907563025}, "model": "item/custom/icon/134"},
		{ "predicate": {"damaged": 0, "damage": 0.5714285714285714}, "model": "item/custom/icon/135"},
		{ "predicate": {"damaged": 0, "damage": 0.5756302521008403}, "model": "item/custom/icon/136"},
		{ "predicate": {"damaged": 0, "damage": 0.5798319327731092}, "model": "item/custom/icon/137"},
		{ "predicate": {"damaged": 0, "damage": 0.5840336134453781}, "model": "item/custom/icon/138"},
		{ "predicate": {"damaged": 0, "damage": 0.5882352941176471}, "model": "item/custom/icon/139"},
		{ "predicate": {"damaged": 0, "damage": 0.592436974789916}, "model": "item/custom/icon/140"},
		{ "predicate": {"damaged": 0, "damage": 0.5966386554621849}, "model": "item/custom/icon/141"},
		{ "predicate": {"damaged": 0, "damage": 0.6008403361344538}, "model": "item/custom/icon/142"},
		{ "predicate": {"damaged": 0, "damage": 0.6050420168067226}, "model": "item/custom/icon/143"},
		{ "predicate": {"damaged": 0, "damage": 0.6092436974789915}, "model": "item/custom/icon/144"},
		{ "predicate": {"damaged": 0, "damage": 0.6134453781512604}, "model": "item/custom/icon/145"},
		{ "predicate": {"damaged": 0, "damage": 0.6176470588235294}, "model": "item/custom/icon/146"},
		{ "predicate": {"damaged": 0, "damage": 0.6218487394957983}, "model": "item/custom/icon/147"},
		{ "predicate": {"damaged": 0, "damage": 0.6260504201680672}, "model": "item/custom/icon/148"},
		{ "predicate": {"damaged": 0, "damage": 0.6302521008403361}, "model": "item/custom/icon/149"},
		{ "predicate": {"damaged": 0, "damage": 0.634453781512605}, "model": "item/custom/icon/150"},
		{ "predicate": {"damaged": 0, "damage": 0.6386554621848739}, "model": "item/custom/icon/151"},
		{ "predicate": {"damaged": 0, "damage": 0.6428571428571428}, "model": "item/custom/icon/152"},
		{ "predicate": {"damaged": 0, "damage": 0.6470588235294117}, "model": "item/custom/icon/153"},
		{ "predicate": {"damaged": 0, "damage": 0.6512605042016807}, "model": "item/custom/icon/154"},
		{ "predicate": {"damaged": 0, "damage": 0.6554621848739496}, "model": "item/custom/icon/155"},
		{ "predicate": {"damaged": 0, "damage": 0.6596638655462185}, "model": "item/custom/icon/156"},
		{ "predicate": {"damaged": 0, "damage": 0.6638655462184874}, "model": "item/custom/icon/157"},
		{ "predicate": {"damaged": 0, "damage": 0.6680672268907563}, "model": "item/custom/icon/158"},
		{ "predicate": {"damaged": 0, "damage": 0.6722689075630252}, "model": "item/custom/icon/159"},
		{ "predicate": {"damaged": 0, "damage": 0.676470588235294}, "model": "item/custom/icon/160"},
		{ "predicate": {"damaged": 0, "damage": 0.680672268907563}, "model": "item/custom/icon/161"},
		{ "predicate": {"damaged": 0, "damage": 0.6848739495798319}, "model": "item/custom/icon/162"},
		{ "predicate": {"damaged": 0, "damage": 0.6890756302521008}, "model": "item/custom/icon/163"},
		{ "predicate": {"damaged": 0, "damage": 0.6932773109243697}, "model": "item/custom/icon/164"},
		{ "predicate": {"damaged": 0, "damage": 0.6974789915966386}, "model": "item/custom/icon/165"},
		{ "predicate": {"damaged": 0, "damage": 0.7016806722689075}, "model": "item/custom/icon/166"},
		{ "predicate": {"damaged": 0, "damage": 0.7058823529411764}, "model": "item/custom/icon/167"},
		{ "predicate": {"damaged": 0, "damage": 0.7100840336134453}, "model": "item/custom/icon/168"},
		{ "predicate": {"damaged": 0, "damage": 0.7142857142857143}, "model": "item/custom/icon/169"},
		{ "predicate": {"damaged": 0, "damage": 0.7184873949579832}, "model": "item/custom/icon/170"},
		{ "predicate": {"damaged": 0, "damage": 0.7226890756302521}, "model": "item/custom/icon/171"},
		{ "predicate": {"damaged": 0, "damage": 0.726890756302521}, "model": "item/custom/icon/172"},
		{ "predicate": {"damaged": 0, "damage": 0.7310924369747899}, "model": "item/custom/icon/173"},
		{ "predicate": {"damaged": 0, "damage": 0.7352941176470588}, "model": "item/custom/icon/174"},
		{ "predicate": {"damaged": 0, "damage": 0.7394957983193277}, "model": "item/custom/icon/175"},
		{ "predicate": {"damaged": 0, "damage": 0.7436974789915967}, "model": "item/custom/icon/176"},
		{ "predicate": {"damaged": 0, "damage": 0.7478991596638656}, "model": "item/custom/icon/177"},
		{ "predicate": {"damaged": 0, "damage": 0.7521008403361344}, "model": "item/custom/icon/178"},
		{ "predicate": {"damaged": 0, "damage": 0.7563025210084033}, "model": "item/custom/icon/179"},
		{ "predicate": {"damaged": 0, "damage": 0.7605042016806722}, "model": "item/custom/icon/180"},
		{ "predicate": {"damaged": 0, "damage": 0.7647058823529411}, "model": "item/custom/icon/181"},
		{ "predicate": {"damaged": 0, "damage": 0.76890756302521}, "model": "item/custom/icon/182"},
		{ "predicate": {"damaged": 0, "damage": 0.7731092436974789}, "model": "item/custom/icon/183"},
		{ "predicate": {"damaged": 0, "damage": 0.7773109243697479}, "model": "item/custom/icon/184"},
		{ "predicate": {"damaged": 0, "damage": 0.7815126050420168}, "model": "item/custom/icon/185"},
		{ "predicate": {"damaged": 0, "damage": 0.7857142857142857}, "model": "item/custom/icon/186"},
		{ "predicate": {"damaged": 0, "damage": 0.7899159663865546}, "model": "item/custom/icon/187"},
		{ "predicate": {"damaged": 0, "damage": 0.7941176470588235}, "model": "item/custom/icon/188"},
		{ "predicate": {"damaged": 0, "damage": 0.7983193277310924}, "model": "item/custom/icon/189"},
		{ "predicate": {"damaged": 0, "damage": 0.8025210084033613}, "model": "item/custom/icon/190"},
		{ "predicate": {"damaged": 0, "damage": 0.8067226890756303}, "model": "item/custom/icon/191"},
		{ "predicate": {"damaged": 0, "damage": 0.8109243697478992}, "model": "item/custom/icon/192"},
		{ "predicate": {"damaged": 0, "damage": 0.8151260504201681}, "model": "item/custom/icon/193"},
		{ "predicate": {"damaged": 0, "damage": 0.819327731092437}, "model": "item/custom/icon/194"},
		{ "predicate": {"damaged": 0, "damage": 0.8235294117647058}, "model": "item/custom/icon/195"},
		{ "predicate": {"damaged": 0, "damage": 0.8277310924369747}, "model": "item/custom/icon/196"},
		{ "predicate": {"damaged": 0, "damage": 0.8319327731092436}, "model": "item/custom/icon/197"},
		{ "predicate": {"damaged": 0, "damage": 0.8361344537815125}, "model": "item/custom/icon/198"},
		{ "predicate": {"damaged": 0, "damage": 0.8403361344537815}, "model": "item/custom/icon/199"},
		{ "predicate": {"damaged": 0, "damage": 0.8445378151260504}, "model": "item/custom/icon/200"},
		{ "predicate": {"damaged": 0, "damage": 0.8487394957983193}, "model": "item/custom/icon/201"},
		{ "predicate": {"damaged": 0, "damage": 0.8529411764705882}, "model": "item/custom/icon/202"},
		{ "predicate": {"damaged": 0, "damage": 0.8571428571428571}, "model": "item/custom/icon/203"},
		{ "predicate": {"damaged": 0, "damage": 0.861344537815126}, "model": "item/custom/icon/204"},
		{ "predicate": {"damaged": 0, "damage": 0.8655462184873949}, "model": "item/custom/icon/205"},
		{ "predicate": {"damaged": 0, "damage": 0.8697478991596638}, "model": "item/custom/icon/206"},
		{ "predicate": {"damaged": 0, "damage": 0.8739495798319328}, "model": "item/custom/icon/207"},
		{ "predicate": {"damaged": 0, "damage": 0.8781512605042017}, "model": "item/custom/icon/208"},
		{ "predicate": {"damaged": 0, "damage": 0.8823529411764706}, "model": "item/custom/icon/209"},
		{ "predicate": {"damaged": 0, "damage": 0.8865546218487395}, "model": "item/custom/icon/210"},
		{ "predicate": {"damaged": 0, "damage": 0.8907563025210083}, "model": "item/custom/icon/211"},
		{ "predicate": {"damaged": 0, "damage": 0.8949579831932772}, "model": "item/custom/icon/212"},
		{ "predicate": {"damaged": 0, "damage": 0.8991596638655461}, "model": "item/custom/icon/213"},
		{ "predicate": {"damaged": 0, "damage": 0.9033613445378151}, "model": "item/custom/icon/214"},
		{ "predicate": {"damaged": 0, "damage": 0.907563025210084}, "model": "item/custom/icon/215"},
		{ "predicate": {"damaged": 0, "damage": 0.9117647058823529}, "model": "item/custom/icon/216"},
		{ "predicate": {"damaged": 0, "damage": 0.9159663865546218}, "model": "item/custom/icon/217"},
		{ "predicate": {"damaged": 0, "damage": 0.9201680672268907}, "model": "item/custom/icon/218"},
		{ "predicate": {"damaged": 0, "damage": 0.9243697478991596}, "model": "item/custom/icon/219"},
		{ "predicate": {"damaged": 0, "damage": 0.9285714285714285}, "model": "item/custom/icon/220"},
		{ "predicate": {"damaged": 0, "damage": 0.9327731092436974}, "model": "item/custom/icon/221"},
		{ "predicate": {"damaged": 0, "damage": 0.9369747899159664}, "model": "item/custom/icon/222"},
		{ "predicate": {"damaged": 0, "damage": 0.9411764705882353}, "model": "item/custom/icon/223"},
		{ "predicate": {"damaged": 0, "damage": 0.9453781512605042}, "model": "item/custom/icon/224"},
		{ "predicate": {"damaged": 0, "damage": 0.9495798319327731}, "model": "item/custom/icon/225"},
		{ "predicate": {"damaged": 0, "damage": 0.953781512605042}, "model": "item/custom/icon/226"},
		{ "predicate": {"damaged": 0, "damage": 0.9579831932773109}, "model": "item/custom/icon/227"},
		{ "predicate": {"damaged": 0, "damage": 0.9621848739495797}, "model": "item/custom/icon/228"},
		{ "predicate": {"damaged": 0, "damage": 0.9663865546218487}, "model": "item/custom/icon/229"},
		{ "predicate": {"damaged": 0, "damage": 0.9705882352941176}, "model": "item/custom/icon/230"},
		{ "predicate": {"damaged": 0, "damage": 0.9747899159663865}, "model": "item/custom/icon/231"},
		{ "predicate": {"damaged": 0, "damage": 0.9789915966386554}, "model": "item/custom/icon/232"},
		{ "predicate": {"damaged": 0, "damage": 0.9831932773109243}, "model": "item/custom/icon/233"},
		{ "predicate": {"damaged": 0, "damage": 0.9873949579831932}, "model": "item/custom/icon/234"},
		{ "predicate": {"damaged": 0, "damage": 0.9915966386554621}, "model": "item/custom/icon/235"},
		{ "predicate": {"damaged": 0, "damage": 0.995798319327731}, "model": "item/custom/icon/236"},
		{ "predicate": {"damaged": 1, "damage": 0}, "model": "item/shears"}
	]
}