{
"__comment": "Designed by Flashtt with BDcraft Cubik PRO 0.96 Beta - http://bdcraft.net",
"textures": {
    "texture": "items/custom/wooden_sword/Magic_Item/Magic_Power"
},
"elements": [ 
{
    "__comment": "Magic_Power x32",
    "from": [ 1, 1, 7.5 ],
    "to": [ 3, 3, 8.5 ],
    "faces": {
        "down":  { "uv": [ 1, 15, 3, 14.5 ], "texture": "#texture" },
        "up":    { "uv": [ 1, 13, 3, 13.5 ], "texture": "#texture" },
        "north": { "uv": [ 3, 13, 1, 15 ], "texture": "#texture" },
        "south": { "uv": [ 1, 13, 3, 15 ], "texture": "#texture" },
        "west":  { "uv": [ 1, 13, 1.5, 15 ], "texture": "#texture" },
        "east":  { "uv": [ 3, 13, 2.5, 15 ], "texture": "#texture" }
    }
},
{
    "__comment": "Magic_Power x32",
    "from": [ 1.5, 3, 7.5 ],
    "to": [ 4.5, 3.5, 8.5 ],
    "faces": {
        "down":  { "uv": [ 1.5, 13, 4.5, 12.5 ], "texture": "#texture" },
        "up":    { "uv": [ 1.5, 12.5, 4.5, 13 ], "texture": "#texture" },
        "north": { "uv": [ 4.5, 12.5, 1.5, 13 ], "texture": "#texture" },
        "south": { "uv": [ 1.5, 12.5, 4.5, 13 ], "texture": "#texture" },
        "west":  { "uv": [ 1.5, 12.5, 2, 13 ], "texture": "#texture" },
        "east":  { "uv": [ 4.5, 12.5, 4, 13 ], "texture": "#texture" }
    }
},
{
    "__comment": "Magic_Power x32",
    "from": [ 2.5, 3.5, 7.5 ],
    "to": [ 5.5, 4, 8.5 ],
    "faces": {
        "down":  { "uv": [ 2.5, 12.5, 5.5, 12 ], "texture": "#texture" },
        "up":    { "uv": [ 2.5, 12, 5.5, 12.5 ], "texture": "#texture" },
        "north": { "uv": [ 5.5, 12, 2.5, 12.5 ], "texture": "#texture" },
        "south": { "uv": [ 2.5, 12, 5.5, 12.5 ], "texture": "#texture" },
        "west":  { "uv": [ 2.5, 12, 3, 12.5 ], "texture": "#texture" },
        "east":  { "uv": [ 5.5, 12, 5, 12.5 ], "texture": "#texture" }
    }
},
{
    "__comment": "Magic_Power x32",
    "from": [ 3, 4, 7.5 ],
    "to": [ 6, 4.5, 8.5 ],
    "faces": {
        "down":  { "uv": [ 3, 12, 6, 11.5 ], "texture": "#texture" },
        "up":    { "uv": [ 3, 11.5, 6, 12 ], "texture": "#texture" },
        "north": { "uv": [ 6, 11.5, 3, 12 ], "texture": "#texture" },
        "south": { "uv": [ 3, 11.5, 6, 12 ], "texture": "#texture" },
        "west":  { "uv": [ 3, 11.5, 3.5, 12 ], "texture": "#texture" },
        "east":  { "uv": [ 6, 11.5, 5.5, 12 ], "texture": "#texture" }
    }
},
{
    "__comment": "Magic_Power x32",
    "from": [ 3, 1.5, 7.5 ],
    "to": [ 3.5, 3, 8.5 ],
    "faces": {
        "down":  { "uv": [ 3, 14.5, 3.5, 14 ], "texture": "#texture" },
        "up":    { "uv": [ 3, 13, 3.5, 13.5 ], "texture": "#texture" },
        "north": { "uv": [ 3.5, 13, 3, 14.5 ], "texture": "#texture" },
        "south": { "uv": [ 3, 13, 3.5, 14.5 ], "texture": "#texture" },
        "west":  { "uv": [ 3, 13, 3.5, 14.5 ], "texture": "#texture" },
        "east":  { "uv": [ 3.5, 13, 3, 14.5 ], "texture": "#texture" }
    }
},
{
    "__comment": "Magic_Power x32",
    "from": [ 3.5, 4.5, 7.5 ],
    "to": [ 6, 5.5, 8.5 ],
    "faces": {
        "down":  { "uv": [ 3.5, 11.5, 6, 11 ], "texture": "#texture" },
        "up":    { "uv": [ 3.5, 10.5, 6, 11 ], "texture": "#texture" },
        "north": { "uv": [ 6, 10.5, 3.5, 11.5 ], "texture": "#texture" },
        "south": { "uv": [ 3.5, 10.5, 6, 11.5 ], "texture": "#texture" },
        "west":  { "uv": [ 3.5, 10.5, 4, 11.5 ], "texture": "#texture" },
        "east":  { "uv": [ 6, 10.5, 5.5, 11.5 ], "texture": "#texture" }
    }
},
{
    "__comment": "Magic_Power x32",
    "from": [ 3.5, 2.5, 7.5 ],
    "to": [ 4, 3, 8.5 ],
    "faces": {
        "down":  { "uv": [ 3.5, 13.5, 4, 13 ], "texture": "#texture" },
        "up":    { "uv": [ 3.5, 13, 4, 13.5 ], "texture": "#texture" },
        "north": { "uv": [ 4, 13, 3.5, 13.5 ], "texture": "#texture" },
        "south": { "uv": [ 3.5, 13, 4, 13.5 ], "texture": "#texture" },
        "west":  { "uv": [ 3.5, 13, 4, 13.5 ], "texture": "#texture" },
        "east":  { "uv": [ 4, 13, 3.5, 13.5 ], "texture": "#texture" }
    }
},
{
    "__comment": "Magic_Power x32",
    "from": [ 4, 5.5, 7.5 ],
    "to": [ 7, 6, 8.5 ],
    "faces": {
        "down":  { "uv": [ 4, 10.5, 7, 10 ], "texture": "#texture" },
        "up":    { "uv": [ 4, 10, 7, 10.5 ], "texture": "#texture" },
        "north": { "uv": [ 7, 10, 4, 10.5 ], "texture": "#texture" },
        "south": { "uv": [ 4, 10, 7, 10.5 ], "texture": "#texture" },
        "west":  { "uv": [ 4, 10, 4.5, 10.5 ], "texture": "#texture" },
        "east":  { "uv": [ 7, 10, 6.5, 10.5 ], "texture": "#texture" }
    }
},
{
    "__comment": "Magic_Power x32",
    "from": [ 5, 6, 7.5 ],
    "to": [ 7.5, 6.5, 8.5 ],
    "faces": {
        "down":  { "uv": [ 5, 10, 7.5, 9.5 ], "texture": "#texture" },
        "up":    { "uv": [ 5, 9.5, 7.5, 10 ], "texture": "#texture" },
        "north": { "uv": [ 7.5, 9.5, 5, 10 ], "texture": "#texture" },
        "south": { "uv": [ 5, 9.5, 7.5, 10 ], "texture": "#texture" },
        "west":  { "uv": [ 5, 9.5, 5.5, 10 ], "texture": "#texture" },
        "east":  { "uv": [ 7.5, 9.5, 7, 10 ], "texture": "#texture" }
    }
},
{
    "__comment": "Magic_Power x32",
    "from": [ 5.5, 6.5, 7.5 ],
    "to": [ 8, 7, 8.5 ],
    "faces": {
        "down":  { "uv": [ 5.5, 9.5, 8, 9 ], "texture": "#texture" },
        "up":    { "uv": [ 5.5, 9, 8, 9.5 ], "texture": "#texture" },
        "north": { "uv": [ 8, 9, 5.5, 9.5 ], "texture": "#texture" },
        "south": { "uv": [ 5.5, 9, 8, 9.5 ], "texture": "#texture" },
        "west":  { "uv": [ 5.5, 9, 6, 9.5 ], "texture": "#texture" },
        "east":  { "uv": [ 8, 9, 7.5, 9.5 ], "texture": "#texture" }
    }
},
{
    "__comment": "Magic_Power x32",
    "from": [ 6, 7, 7.5 ],
    "to": [ 8.5, 7.5, 8.5 ],
    "faces": {
        "down":  { "uv": [ 6, 9, 8.5, 8.5 ], "texture": "#texture" },
        "up":    { "uv": [ 6, 8.5, 8.5, 9 ], "texture": "#texture" },
        "north": { "uv": [ 8.5, 8.5, 6, 9 ], "texture": "#texture" },
        "south": { "uv": [ 6, 8.5, 8.5, 9 ], "texture": "#texture" },
        "west":  { "uv": [ 6, 8.5, 6.5, 9 ], "texture": "#texture" },
        "east":  { "uv": [ 8.5, 8.5, 8, 9 ], "texture": "#texture" }
    }
},
{
    "__comment": "Magic_Power x32",
    "from": [ 6, 5, 7.5 ],
    "to": [ 6.5, 5.5, 8.5 ],
    "faces": {
        "down":  { "uv": [ 6, 11, 6.5, 10.5 ], "texture": "#texture" },
        "up":    { "uv": [ 6, 10.5, 6.5, 11 ], "texture": "#texture" },
        "north": { "uv": [ 6.5, 10.5, 6, 11 ], "texture": "#texture" },
        "south": { "uv": [ 6, 10.5, 6.5, 11 ], "texture": "#texture" },
        "west":  { "uv": [ 6, 10.5, 6.5, 11 ], "texture": "#texture" },
        "east":  { "uv": [ 6.5, 10.5, 6, 11 ], "texture": "#texture" }
    }
},
{
    "__comment": "Magic_Power x32",
    "from": [ 6.5, 7.5, 7.5 ],
    "to": [ 9.5, 8, 8.5 ],
    "faces": {
        "down":  { "uv": [ 6.5, 8.5, 9.5, 8 ], "texture": "#texture" },
        "up":    { "uv": [ 6.5, 8, 9.5, 8.5 ], "texture": "#texture" },
        "north": { "uv": [ 9.5, 8, 6.5, 8.5 ], "texture": "#texture" },
        "south": { "uv": [ 6.5, 8, 9.5, 8.5 ], "texture": "#texture" },
        "west":  { "uv": [ 6.5, 8, 7, 8.5 ], "texture": "#texture" },
        "east":  { "uv": [ 9.5, 8, 9, 8.5 ], "texture": "#texture" }
    }
},
{
    "__comment": "Magic_Power x32",
    "from": [ 7, 8, 7.5 ],
    "to": [ 10, 8.5, 8.5 ],
    "faces": {
        "down":  { "uv": [ 7, 8, 10, 7.5 ], "texture": "#texture" },
        "up":    { "uv": [ 7, 7.5, 10, 8 ], "texture": "#texture" },
        "north": { "uv": [ 10, 7.5, 7, 8 ], "texture": "#texture" },
        "south": { "uv": [ 7, 7.5, 10, 8 ], "texture": "#texture" },
        "west":  { "uv": [ 7, 7.5, 7.5, 8 ], "texture": "#texture" },
        "east":  { "uv": [ 10, 7.5, 9.5, 8 ], "texture": "#texture" }
    }
},
{
    "__comment": "Magic_Power x32",
    "from": [ 7.5, 8.5, 7.5 ],
    "to": [ 10, 9.5, 8.5 ],
    "faces": {
        "down":  { "uv": [ 7.5, 7.5, 10, 7 ], "texture": "#texture" },
        "up":    { "uv": [ 7.5, 6.5, 10, 7 ], "texture": "#texture" },
        "north": { "uv": [ 10, 6.5, 7.5, 7.5 ], "texture": "#texture" },
        "south": { "uv": [ 7.5, 6.5, 10, 7.5 ], "texture": "#texture" },
        "west":  { "uv": [ 7.5, 6.5, 8, 7.5 ], "texture": "#texture" },
        "east":  { "uv": [ 10, 6.5, 9.5, 7.5 ], "texture": "#texture" }
    }
},
{
    "__comment": "Magic_Power x32",
    "from": [ 8, 9.5, 7.5 ],
    "to": [ 11.5, 10, 8.5 ],
    "faces": {
        "down":  { "uv": [ 8, 6.5, 11.5, 6 ], "texture": "#texture" },
        "up":    { "uv": [ 8, 6, 11.5, 6.5 ], "texture": "#texture" },
        "north": { "uv": [ 11.5, 6, 8, 6.5 ], "texture": "#texture" },
        "south": { "uv": [ 8, 6, 11.5, 6.5 ], "texture": "#texture" },
        "west":  { "uv": [ 8, 6, 8.5, 6.5 ], "texture": "#texture" },
        "east":  { "uv": [ 11.5, 6, 11, 6.5 ], "texture": "#texture" }
    }
},
{
    "__comment": "Magic_Power x32",
    "from": [ 9, 10, 7.5 ],
    "to": [ 14, 10.5, 8.5 ],
    "faces": {
        "down":  { "uv": [ 9, 6, 14, 5.5 ], "texture": "#texture" },
        "up":    { "uv": [ 9, 5.5, 14, 6 ], "texture": "#texture" },
        "north": { "uv": [ 14, 5.5, 9, 6 ], "texture": "#texture" },
        "south": { "uv": [ 9, 5.5, 14, 6 ], "texture": "#texture" },
        "west":  { "uv": [ 9, 5.5, 9.5, 6 ], "texture": "#texture" },
        "east":  { "uv": [ 14, 5.5, 13.5, 6 ], "texture": "#texture" }
    }
},
{
    "__comment": "Magic_Power x32",
    "from": [ 9.5, 10.5, 7.5 ],
    "to": [ 14.5, 11.5, 8.5 ],
    "faces": {
        "down":  { "uv": [ 9.5, 5.5, 14.5, 5 ], "texture": "#texture" },
        "up":    { "uv": [ 9.5, 4.5, 14.5, 5 ], "texture": "#texture" },
        "north": { "uv": [ 14.5, 4.5, 9.5, 5.5 ], "texture": "#texture" },
        "south": { "uv": [ 9.5, 4.5, 14.5, 5.5 ], "texture": "#texture" },
        "west":  { "uv": [ 9.5, 4.5, 10, 5.5 ], "texture": "#texture" },
        "east":  { "uv": [ 14.5, 4.5, 14, 5.5 ], "texture": "#texture" }
    }
},
{
    "__comment": "Magic_Power x32",
    "from": [ 10, 11.5, 7.5 ],
    "to": [ 15.5, 14, 8.5 ],
    "faces": {
        "down":  { "uv": [ 10, 4.5, 15.5, 4 ], "texture": "#texture" },
        "up":    { "uv": [ 10, 2, 15.5, 2.5 ], "texture": "#texture" },
        "north": { "uv": [ 15.5, 2, 10, 4.5 ], "texture": "#texture" },
        "south": { "uv": [ 10, 2, 15.5, 4.5 ], "texture": "#texture" },
        "west":  { "uv": [ 10, 2, 10.5, 4.5 ], "texture": "#texture" },
        "east":  { "uv": [ 15.5, 2, 15, 4.5 ], "texture": "#texture" }
    }
},
{
    "__comment": "Magic_Power x32",
    "from": [ 10, 9, 7.5 ],
    "to": [ 10.5, 9.5, 8.5 ],
    "faces": {
        "down":  { "uv": [ 10, 7, 10.5, 6.5 ], "texture": "#texture" },
        "up":    { "uv": [ 10, 6.5, 10.5, 7 ], "texture": "#texture" },
        "north": { "uv": [ 10.5, 6.5, 10, 7 ], "texture": "#texture" },
        "south": { "uv": [ 10, 6.5, 10.5, 7 ], "texture": "#texture" },
        "west":  { "uv": [ 10, 6.5, 10.5, 7 ], "texture": "#texture" },
        "east":  { "uv": [ 10.5, 6.5, 10, 7 ], "texture": "#texture" }
    }
},
{
    "__comment": "Magic_Power x32",
    "from": [ 10.5, 14, 7.5 ],
    "to": [ 15, 14.5, 8.5 ],
    "faces": {
        "down":  { "uv": [ 10.5, 2, 15, 1.5 ], "texture": "#texture" },
        "up":    { "uv": [ 10.5, 1.5, 15, 2 ], "texture": "#texture" },
        "north": { "uv": [ 15, 1.5, 10.5, 2 ], "texture": "#texture" },
        "south": { "uv": [ 10.5, 1.5, 15, 2 ], "texture": "#texture" },
        "west":  { "uv": [ 10.5, 1.5, 11, 2 ], "texture": "#texture" },
        "east":  { "uv": [ 15, 1.5, 14.5, 2 ], "texture": "#texture" }
    }
},
{
    "__comment": "Magic_Power x32",
    "from": [ 11, 14.5, 7.5 ],
    "to": [ 14.5, 15, 8.5 ],
    "faces": {
        "down":  { "uv": [ 11, 1.5, 14.5, 1 ], "texture": "#texture" },
        "up":    { "uv": [ 11, 1, 14.5, 1.5 ], "texture": "#texture" },
        "north": { "uv": [ 14.5, 1, 11, 1.5 ], "texture": "#texture" },
        "south": { "uv": [ 11, 1, 14.5, 1.5 ], "texture": "#texture" },
        "west":  { "uv": [ 11, 1, 11.5, 1.5 ], "texture": "#texture" },
        "east":  { "uv": [ 14.5, 1, 14, 1.5 ], "texture": "#texture" }
    }
},
{
    "__comment": "Magic_Power x32",
    "from": [ 11.5, 15, 7.5 ],
    "to": [ 14, 15.5, 8.5 ],
    "faces": {
        "down":  { "uv": [ 11.5, 1, 14, 0.5 ], "texture": "#texture" },
        "up":    { "uv": [ 11.5, 0.5, 14, 1 ], "texture": "#texture" },
        "north": { "uv": [ 14, 0.5, 11.5, 1 ], "texture": "#texture" },
        "south": { "uv": [ 11.5, 0.5, 14, 1 ], "texture": "#texture" },
        "west":  { "uv": [ 11.5, 0.5, 12, 1 ], "texture": "#texture" },
        "east":  { "uv": [ 14, 0.5, 13.5, 1 ], "texture": "#texture" }
    }
},
{
    "__comment": "Magic_Power x32",
    "from": [ 14.5, 11, 7.5 ],
    "to": [ 15, 11.5, 8.5 ],
    "faces": {
        "down":  { "uv": [ 14.5, 5, 15, 4.5 ], "texture": "#texture" },
        "up":    { "uv": [ 14.5, 4.5, 15, 5 ], "texture": "#texture" },
        "north": { "uv": [ 15, 4.5, 14.5, 5 ], "texture": "#texture" },
        "south": { "uv": [ 14.5, 4.5, 15, 5 ], "texture": "#texture" },
        "west":  { "uv": [ 14.5, 4.5, 15, 5 ], "texture": "#texture" },
        "east":  { "uv": [ 15, 4.5, 14.5, 5 ], "texture": "#texture" }
    }
}
],
"display": {
    "thirdperson_righthand": {
        "rotation": [ 0, -90, 44 ],
        "translation": [ 0, 2.27, 1.89 ],
        "scale": [ 1, 1, 1 ]
    },
    "thirdperson_lefthand": {
        "rotation": [ 0, 90, -44 ],
        "translation": [ 0, 2.27, 1.89 ],
        "scale": [ 1, 1, 1 ]
    },
    "head": {
        "rotation": [ 0, 0, 0 ],
        "translation": [ 0, 0, 0 ],
        "scale": [ 1, 1, 1 ]
    },
    "ground": {
        "rotation": [ 0, 0, 0 ],
        "translation": [ 0, 5, 0 ],
        "scale": [ 1, 1, 1 ]
    },
    "fixed": {
        "rotation": [ 0, 0, -26 ],
        "translation": [ 0, 0, 0 ],
        "scale": [ 1.2, 1.2, 1 ]
    },
    "firstperson_righthand": {
        "rotation": [ 0, 90, 0 ],
        "translation": [ 1.13, 1.89, -1.51 ],
        "scale": [ 1, 1, 1 ]
    },
    "firstperson_lefthand": {
        "rotation": [ 0, -90, 0 ],
        "translation": [ -0.19, 1.89, -1.51 ],
        "scale": [ 1, 1, 1 ]
    },
    "gui": {
        "rotation": [ 0, 0, 0 ],
        "translation": [ 0, 0, 0 ],
        "scale": [ 1, 1, 1 ]
    }
}
}