{
"__comment": "Designed by Flashtt with BDcraft Cubik PRO 0.96 Beta - http://bdcraft.net",
"textures": {
    "texture": "items/custom/wooden_sword/Magic_Item/Magic_Magic"
},
"elements": [ 
{
    "__comment": "Magic_Magic x32",
    "from": [ 0.5, 1.5, 7.5 ],
    "to": [ 2.5, 2, 8.5 ],
    "faces": {
        "down":  { "uv": [ 0.501, 14.499, 2.499, 14.001 ], "texture": "#texture" },
        "up":    { "uv": [ 0.501, 14.001, 2.499, 14.499 ], "texture": "#texture" },
        "north": { "uv": [ 2.499, 14.001, 0.501, 14.499 ], "texture": "#texture" },
        "south": { "uv": [ 0.501, 14.001, 2.499, 14.499 ], "texture": "#texture" },
        "west":  { "uv": [ 0.501, 14.001, 0.999, 14.499 ], "texture": "#texture" },
        "east":  { "uv": [ 2.499, 14.001, 2.001, 14.499 ], "texture": "#texture" }
    }
},
{
    "__comment": "Magic_Magic x32",
    "from": [ 1, 2, 7.5 ],
    "to": [ 3, 2.5, 8.5 ],
    "faces": {
        "down":  { "uv": [ 1.001, 13.999, 2.999, 13.501 ], "texture": "#texture" },
        "up":    { "uv": [ 1.001, 13.501, 2.999, 13.999 ], "texture": "#texture" },
        "north": { "uv": [ 2.999, 13.501, 1.001, 13.999 ], "texture": "#texture" },
        "south": { "uv": [ 1.001, 13.501, 2.999, 13.999 ], "texture": "#texture" },
        "west":  { "uv": [ 1.001, 13.501, 1.499, 13.999 ], "texture": "#texture" },
        "east":  { "uv": [ 2.999, 13.501, 2.501, 13.999 ], "texture": "#texture" }
    }
},
{
    "__comment": "Magic_Magic x32",
    "from": [ 1, 1, 7.5 ],
    "to": [ 2, 1.5, 8.5 ],
    "faces": {
        "down":  { "uv": [ 1.001, 14.999, 1.999, 14.501 ], "texture": "#texture" },
        "up":    { "uv": [ 1.001, 14.501, 1.999, 14.999 ], "texture": "#texture" },
        "north": { "uv": [ 1.999, 14.501, 1.001, 14.999 ], "texture": "#texture" },
        "south": { "uv": [ 1.001, 14.501, 1.999, 14.999 ], "texture": "#texture" },
        "west":  { "uv": [ 1.001, 14.501, 1.499, 14.999 ], "texture": "#texture" },
        "east":  { "uv": [ 1.999, 14.501, 1.501, 14.999 ], "texture": "#texture" }
    }
},
{
    "__comment": "Magic_Magic x32",
    "from": [ 1.5, 2.5, 7.5 ],
    "to": [ 3, 3.5, 8.5 ],
    "faces": {
        "down":  { "uv": [ 1.501, 13.499, 2.999, 13.001 ], "texture": "#texture" },
        "up":    { "uv": [ 1.501, 12.501, 2.999, 12.999 ], "texture": "#texture" },
        "north": { "uv": [ 2.999, 12.501, 1.501, 13.499 ], "texture": "#texture" },
        "south": { "uv": [ 1.501, 12.501, 2.999, 13.499 ], "texture": "#texture" },
        "west":  { "uv": [ 1.501, 12.501, 1.999, 13.499 ], "texture": "#texture" },
        "east":  { "uv": [ 2.999, 12.501, 2.501, 13.499 ], "texture": "#texture" }
    }
},
{
    "__comment": "Magic_Magic x32",
    "from": [ 2, 3.5, 7.5 ],
    "to": [ 4, 4, 8.5 ],
    "faces": {
        "down":  { "uv": [ 2.001, 12.499, 3.999, 12.001 ], "texture": "#texture" },
        "up":    { "uv": [ 2.001, 12.001, 3.999, 12.499 ], "texture": "#texture" },
        "north": { "uv": [ 3.999, 12.001, 2.001, 12.499 ], "texture": "#texture" },
        "south": { "uv": [ 2.001, 12.001, 3.999, 12.499 ], "texture": "#texture" },
        "west":  { "uv": [ 2.001, 12.001, 2.499, 12.499 ], "texture": "#texture" },
        "east":  { "uv": [ 3.999, 12.001, 3.501, 12.499 ], "texture": "#texture" }
    }
},
{
    "__comment": "Magic_Magic x32",
    "from": [ 2.5, 4, 7.5 ],
    "to": [ 4.5, 4.5, 8.5 ],
    "faces": {
        "down":  { "uv": [ 2.501, 11.999, 4.499, 11.501 ], "texture": "#texture" },
        "up":    { "uv": [ 2.501, 11.501, 4.499, 11.999 ], "texture": "#texture" },
        "north": { "uv": [ 4.499, 11.501, 2.501, 11.999 ], "texture": "#texture" },
        "south": { "uv": [ 2.501, 11.501, 4.499, 11.999 ], "texture": "#texture" },
        "west":  { "uv": [ 2.501, 11.501, 2.999, 11.999 ], "texture": "#texture" },
        "east":  { "uv": [ 4.499, 11.501, 4.001, 11.999 ], "texture": "#texture" }
    }
},
{
    "__comment": "Magic_Magic x32",
    "from": [ 3, 4.5, 7.5 ],
    "to": [ 5, 5, 8.5 ],
    "faces": {
        "down":  { "uv": [ 3.001, 11.499, 4.999, 11.001 ], "texture": "#texture" },
        "up":    { "uv": [ 3.001, 11.001, 4.999, 11.499 ], "texture": "#texture" },
        "north": { "uv": [ 4.999, 11.001, 3.001, 11.499 ], "texture": "#texture" },
        "south": { "uv": [ 3.001, 11.001, 4.999, 11.499 ], "texture": "#texture" },
        "west":  { "uv": [ 3.001, 11.001, 3.499, 11.499 ], "texture": "#texture" },
        "east":  { "uv": [ 4.999, 11.001, 4.501, 11.499 ], "texture": "#texture" }
    }
},
{
    "__comment": "Magic_Magic x32",
    "from": [ 3, 3, 7.5 ],
    "to": [ 3.5, 3.5, 8.5 ],
    "faces": {
        "down":  { "uv": [ 3.001, 12.999, 3.499, 12.501 ], "texture": "#texture" },
        "up":    { "uv": [ 3.001, 12.501, 3.499, 12.999 ], "texture": "#texture" },
        "north": { "uv": [ 3.499, 12.501, 3.001, 12.999 ], "texture": "#texture" },
        "south": { "uv": [ 3.001, 12.501, 3.499, 12.999 ], "texture": "#texture" },
        "west":  { "uv": [ 3.001, 12.501, 3.499, 12.999 ], "texture": "#texture" },
        "east":  { "uv": [ 3.499, 12.501, 3.001, 12.999 ], "texture": "#texture" }
    }
},
{
    "__comment": "Magic_Magic x32",
    "from": [ 3.5, 5, 7.5 ],
    "to": [ 5.5, 5.5, 8.5 ],
    "faces": {
        "down":  { "uv": [ 3.501, 10.999, 5.499, 10.501 ], "texture": "#texture" },
        "up":    { "uv": [ 3.501, 10.501, 5.499, 10.999 ], "texture": "#texture" },
        "north": { "uv": [ 5.499, 10.501, 3.501, 10.999 ], "texture": "#texture" },
        "south": { "uv": [ 3.501, 10.501, 5.499, 10.999 ], "texture": "#texture" },
        "west":  { "uv": [ 3.501, 10.501, 3.999, 10.999 ], "texture": "#texture" },
        "east":  { "uv": [ 5.499, 10.501, 5.001, 10.999 ], "texture": "#texture" }
    }
},
{
    "__comment": "Magic_Magic x32",
    "from": [ 4, 11, 7.5 ],
    "to": [ 5, 12.5, 8.5 ],
    "faces": {
        "down":  { "uv": [ 4.001, 4.999, 4.999, 4.501 ], "texture": "#texture" },
        "up":    { "uv": [ 4.001, 3.501, 4.999, 3.999 ], "texture": "#texture" },
        "north": { "uv": [ 4.999, 3.501, 4.001, 4.999 ], "texture": "#texture" },
        "south": { "uv": [ 4.001, 3.501, 4.999, 4.999 ], "texture": "#texture" },
        "west":  { "uv": [ 4.001, 3.501, 4.499, 4.999 ], "texture": "#texture" },
        "east":  { "uv": [ 4.999, 3.501, 4.501, 4.999 ], "texture": "#texture" }
    }
},
{
    "__comment": "Magic_Magic x32",
    "from": [ 4, 5.5, 7.5 ],
    "to": [ 6, 6, 8.5 ],
    "faces": {
        "down":  { "uv": [ 4.001, 10.499, 5.999, 10.001 ], "texture": "#texture" },
        "up":    { "uv": [ 4.001, 10.001, 5.999, 10.499 ], "texture": "#texture" },
        "north": { "uv": [ 5.999, 10.001, 4.001, 10.499 ], "texture": "#texture" },
        "south": { "uv": [ 4.001, 10.001, 5.999, 10.499 ], "texture": "#texture" },
        "west":  { "uv": [ 4.001, 10.001, 4.499, 10.499 ], "texture": "#texture" },
        "east":  { "uv": [ 5.999, 10.001, 5.501, 10.499 ], "texture": "#texture" }
    }
},
{
    "__comment": "Magic_Magic x32",
    "from": [ 4.5, 6, 7.5 ],
    "to": [ 6.5, 7, 8.5 ],
    "faces": {
        "down":  { "uv": [ 4.501, 9.999, 6.499, 9.501 ], "texture": "#texture" },
        "up":    { "uv": [ 4.501, 9.001, 6.499, 9.499 ], "texture": "#texture" },
        "north": { "uv": [ 6.499, 9.001, 4.501, 9.999 ], "texture": "#texture" },
        "south": { "uv": [ 4.501, 9.001, 6.499, 9.999 ], "texture": "#texture" },
        "west":  { "uv": [ 4.501, 9.001, 4.999, 9.999 ], "texture": "#texture" },
        "east":  { "uv": [ 6.499, 9.001, 6.001, 9.999 ], "texture": "#texture" }
    }
},
{
    "__comment": "Magic_Magic x32",
    "from": [ 5, 10.5, 7.5 ],
    "to": [ 6, 12, 8.5 ],
    "faces": {
        "down":  { "uv": [ 5.001, 5.499, 5.999, 5.001 ], "texture": "#texture" },
        "up":    { "uv": [ 5.001, 4.001, 5.999, 4.499 ], "texture": "#texture" },
        "north": { "uv": [ 5.999, 4.001, 5.001, 5.499 ], "texture": "#texture" },
        "south": { "uv": [ 5.001, 4.001, 5.999, 5.499 ], "texture": "#texture" },
        "west":  { "uv": [ 5.001, 4.001, 5.499, 5.499 ], "texture": "#texture" },
        "east":  { "uv": [ 5.999, 4.001, 5.501, 5.499 ], "texture": "#texture" }
    }
},
{
    "__comment": "Magic_Magic x32",
    "from": [ 5, 7, 7.5 ],
    "to": [ 7.5, 9, 8.5 ],
    "faces": {
        "down":  { "uv": [ 5.001, 8.999, 7.499, 8.501 ], "texture": "#texture" },
        "up":    { "uv": [ 5.001, 7.001, 7.499, 7.499 ], "texture": "#texture" },
        "north": { "uv": [ 7.499, 7.001, 5.001, 8.999 ], "texture": "#texture" },
        "south": { "uv": [ 5.001, 7.001, 7.499, 8.999 ], "texture": "#texture" },
        "west":  { "uv": [ 5.001, 7.001, 5.499, 8.999 ], "texture": "#texture" },
        "east":  { "uv": [ 7.499, 7.001, 7.001, 8.999 ], "texture": "#texture" }
    }
},
{
    "__comment": "Magic_Magic x32",
    "from": [ 5.5, 9, 7.5 ],
    "to": [ 7, 10.5, 8.5 ],
    "faces": {
        "down":  { "uv": [ 5.501, 6.999, 6.999, 6.501 ], "texture": "#texture" },
        "up":    { "uv": [ 5.501, 5.501, 6.999, 5.999 ], "texture": "#texture" },
        "north": { "uv": [ 6.999, 5.501, 5.501, 6.999 ], "texture": "#texture" },
        "south": { "uv": [ 5.501, 5.501, 6.999, 6.999 ], "texture": "#texture" },
        "west":  { "uv": [ 5.501, 5.501, 5.999, 6.999 ], "texture": "#texture" },
        "east":  { "uv": [ 6.999, 5.501, 6.501, 6.999 ], "texture": "#texture" }
    }
},
{
    "__comment": "Magic_Magic x32",
    "from": [ 6, 10.5, 7.5 ],
    "to": [ 7.5, 11, 8.5 ],
    "faces": {
        "down":  { "uv": [ 6.001, 5.499, 7.499, 5.001 ], "texture": "#texture" },
        "up":    { "uv": [ 6.001, 5.001, 7.499, 5.499 ], "texture": "#texture" },
        "north": { "uv": [ 7.499, 5.001, 6.001, 5.499 ], "texture": "#texture" },
        "south": { "uv": [ 6.001, 5.001, 7.499, 5.499 ], "texture": "#texture" },
        "west":  { "uv": [ 6.001, 5.001, 6.499, 5.499 ], "texture": "#texture" },
        "east":  { "uv": [ 7.499, 5.001, 7.001, 5.499 ], "texture": "#texture" }
    }
},
{
    "__comment": "Magic_Magic x32",
    "from": [ 6.5, 11, 7.5 ],
    "to": [ 7.5, 11.5, 8.5 ],
    "faces": {
        "down":  { "uv": [ 6.501, 4.999, 7.499, 4.501 ], "texture": "#texture" },
        "up":    { "uv": [ 6.501, 4.501, 7.499, 4.999 ], "texture": "#texture" },
        "north": { "uv": [ 7.499, 4.501, 6.501, 4.999 ], "texture": "#texture" },
        "south": { "uv": [ 6.501, 4.501, 7.499, 4.999 ], "texture": "#texture" },
        "west":  { "uv": [ 6.501, 4.501, 6.999, 4.999 ], "texture": "#texture" },
        "east":  { "uv": [ 7.499, 4.501, 7.001, 4.999 ], "texture": "#texture" }
    }
},
{
    "__comment": "Magic_Magic x32",
    "from": [ 6.5, 6.5, 7.5 ],
    "to": [ 7, 7, 8.5 ],
    "faces": {
        "down":  { "uv": [ 6.501, 9.499, 6.999, 9.001 ], "texture": "#texture" },
        "up":    { "uv": [ 6.501, 9.001, 6.999, 9.499 ], "texture": "#texture" },
        "north": { "uv": [ 6.999, 9.001, 6.501, 9.499 ], "texture": "#texture" },
        "south": { "uv": [ 6.501, 9.001, 6.999, 9.499 ], "texture": "#texture" },
        "west":  { "uv": [ 6.501, 9.001, 6.999, 9.499 ], "texture": "#texture" },
        "east":  { "uv": [ 6.999, 9.001, 6.501, 9.499 ], "texture": "#texture" }
    }
},
{
    "__comment": "Magic_Magic x32",
    "from": [ 7, 11.5, 7.5 ],
    "to": [ 7.5, 12, 8.5 ],
    "faces": {
        "down":  { "uv": [ 7.001, 4.499, 7.499, 4.001 ], "texture": "#texture" },
        "up":    { "uv": [ 7.001, 4.001, 7.499, 4.499 ], "texture": "#texture" },
        "north": { "uv": [ 7.499, 4.001, 7.001, 4.499 ], "texture": "#texture" },
        "south": { "uv": [ 7.001, 4.001, 7.499, 4.499 ], "texture": "#texture" },
        "west":  { "uv": [ 7.001, 4.001, 7.499, 4.499 ], "texture": "#texture" },
        "east":  { "uv": [ 7.499, 4.001, 7.001, 4.499 ], "texture": "#texture" }
    }
},
{
    "__comment": "Magic_Magic x32",
    "from": [ 7.5, 7.5, 7.5 ],
    "to": [ 8, 9.5, 8.5 ],
    "faces": {
        "down":  { "uv": [ 7.501, 8.499, 7.999, 8.001 ], "texture": "#texture" },
        "up":    { "uv": [ 7.501, 6.501, 7.999, 6.999 ], "texture": "#texture" },
        "north": { "uv": [ 7.999, 6.501, 7.501, 8.499 ], "texture": "#texture" },
        "south": { "uv": [ 7.501, 6.501, 7.999, 8.499 ], "texture": "#texture" },
        "west":  { "uv": [ 7.501, 6.501, 7.999, 8.499 ], "texture": "#texture" },
        "east":  { "uv": [ 7.999, 6.501, 7.501, 8.499 ], "texture": "#texture" }
    }
},
{
    "__comment": "Magic_Magic x32",
    "from": [ 8, 8, 7.5 ],
    "to": [ 8.5, 10, 8.5 ],
    "faces": {
        "down":  { "uv": [ 8.001, 7.999, 8.499, 7.501 ], "texture": "#texture" },
        "up":    { "uv": [ 8.001, 6.001, 8.499, 6.499 ], "texture": "#texture" },
        "north": { "uv": [ 8.499, 6.001, 8.001, 7.999 ], "texture": "#texture" },
        "south": { "uv": [ 8.001, 6.001, 8.499, 7.999 ], "texture": "#texture" },
        "west":  { "uv": [ 8.001, 6.001, 8.499, 7.999 ], "texture": "#texture" },
        "east":  { "uv": [ 8.499, 6.001, 8.001, 7.999 ], "texture": "#texture" }
    }
},
{
    "__comment": "Magic_Magic x32",
    "from": [ 8.5, 8.5, 7.5 ],
    "to": [ 9.5, 10.5, 8.5 ],
    "faces": {
        "down":  { "uv": [ 8.501, 7.499, 9.499, 7.001 ], "texture": "#texture" },
        "up":    { "uv": [ 8.501, 5.501, 9.499, 5.999 ], "texture": "#texture" },
        "north": { "uv": [ 9.499, 5.501, 8.501, 7.499 ], "texture": "#texture" },
        "south": { "uv": [ 8.501, 5.501, 9.499, 7.499 ], "texture": "#texture" },
        "west":  { "uv": [ 8.501, 5.501, 8.999, 7.499 ], "texture": "#texture" },
        "east":  { "uv": [ 9.499, 5.501, 9.001, 7.499 ], "texture": "#texture" }
    }
},
{
    "__comment": "Magic_Magic x32",
    "from": [ 9.5, 9, 7.5 ],
    "to": [ 10, 11, 8.5 ],
    "faces": {
        "down":  { "uv": [ 9.501, 6.999, 9.999, 6.501 ], "texture": "#texture" },
        "up":    { "uv": [ 9.501, 5.001, 9.999, 5.499 ], "texture": "#texture" },
        "north": { "uv": [ 9.999, 5.001, 9.501, 6.999 ], "texture": "#texture" },
        "south": { "uv": [ 9.501, 5.001, 9.999, 6.999 ], "texture": "#texture" },
        "west":  { "uv": [ 9.501, 5.001, 9.999, 6.999 ], "texture": "#texture" },
        "east":  { "uv": [ 9.999, 5.001, 9.501, 6.999 ], "texture": "#texture" }
    }
},
{
    "__comment": "Magic_Magic x32",
    "from": [ 10, 9.5, 7.5 ],
    "to": [ 10.5, 11.5, 8.5 ],
    "faces": {
        "down":  { "uv": [ 10.001, 6.499, 10.499, 6.001 ], "texture": "#texture" },
        "up":    { "uv": [ 10.001, 4.501, 10.499, 4.999 ], "texture": "#texture" },
        "north": { "uv": [ 10.499, 4.501, 10.001, 6.499 ], "texture": "#texture" },
        "south": { "uv": [ 10.001, 4.501, 10.499, 6.499 ], "texture": "#texture" },
        "west":  { "uv": [ 10.001, 4.501, 10.499, 6.499 ], "texture": "#texture" },
        "east":  { "uv": [ 10.499, 4.501, 10.001, 6.499 ], "texture": "#texture" }
    }
},
{
    "__comment": "Magic_Magic x32",
    "from": [ 10.5, 10, 7.5 ],
    "to": [ 11, 12, 8.5 ],
    "faces": {
        "down":  { "uv": [ 10.501, 5.999, 10.999, 5.501 ], "texture": "#texture" },
        "up":    { "uv": [ 10.501, 4.001, 10.999, 4.499 ], "texture": "#texture" },
        "north": { "uv": [ 10.999, 4.001, 10.501, 5.999 ], "texture": "#texture" },
        "south": { "uv": [ 10.501, 4.001, 10.999, 5.999 ], "texture": "#texture" },
        "west":  { "uv": [ 10.501, 4.001, 10.999, 5.999 ], "texture": "#texture" },
        "east":  { "uv": [ 10.999, 4.001, 10.501, 5.999 ], "texture": "#texture" }
    }
},
{
    "__comment": "Magic_Magic x32",
    "from": [ 11, 10.5, 7.5 ],
    "to": [ 11.5, 12, 8.5 ],
    "faces": {
        "down":  { "uv": [ 11.001, 5.499, 11.499, 5.001 ], "texture": "#texture" },
        "up":    { "uv": [ 11.001, 4.001, 11.499, 4.499 ], "texture": "#texture" },
        "north": { "uv": [ 11.499, 4.001, 11.001, 5.499 ], "texture": "#texture" },
        "south": { "uv": [ 11.001, 4.001, 11.499, 5.499 ], "texture": "#texture" },
        "west":  { "uv": [ 11.001, 4.001, 11.499, 5.499 ], "texture": "#texture" },
        "east":  { "uv": [ 11.499, 4.001, 11.001, 5.499 ], "texture": "#texture" }
    }
},
{
    "__comment": "Magic_Magic x32",
    "from": [ 11.5, 11, 7.5 ],
    "to": [ 12, 12.5, 8.5 ],
    "faces": {
        "down":  { "uv": [ 11.501, 4.999, 11.999, 4.501 ], "texture": "#texture" },
        "up":    { "uv": [ 11.501, 3.501, 11.999, 3.999 ], "texture": "#texture" },
        "north": { "uv": [ 11.999, 3.501, 11.501, 4.999 ], "texture": "#texture" },
        "south": { "uv": [ 11.501, 3.501, 11.999, 4.999 ], "texture": "#texture" },
        "west":  { "uv": [ 11.501, 3.501, 11.999, 4.999 ], "texture": "#texture" },
        "east":  { "uv": [ 11.999, 3.501, 11.501, 4.999 ], "texture": "#texture" }
    }
},
{
    "__comment": "Magic_Magic x32",
    "from": [ 12, 11.5, 7.5 ],
    "to": [ 12.5, 13, 8.5 ],
    "faces": {
        "down":  { "uv": [ 12.001, 4.499, 12.499, 4.001 ], "texture": "#texture" },
        "up":    { "uv": [ 12.001, 3.001, 12.499, 3.499 ], "texture": "#texture" },
        "north": { "uv": [ 12.499, 3.001, 12.001, 4.499 ], "texture": "#texture" },
        "south": { "uv": [ 12.001, 3.001, 12.499, 4.499 ], "texture": "#texture" },
        "west":  { "uv": [ 12.001, 3.001, 12.499, 4.499 ], "texture": "#texture" },
        "east":  { "uv": [ 12.499, 3.001, 12.001, 4.499 ], "texture": "#texture" }
    }
},
{
    "__comment": "Magic_Magic x32",
    "from": [ 12.5, 12.5, 7.5 ],
    "to": [ 13, 13, 8.5 ],
    "faces": {
        "down":  { "uv": [ 12.501, 3.499, 12.999, 3.001 ], "texture": "#texture" },
        "up":    { "uv": [ 12.501, 3.001, 12.999, 3.499 ], "texture": "#texture" },
        "north": { "uv": [ 12.999, 3.001, 12.501, 3.499 ], "texture": "#texture" },
        "south": { "uv": [ 12.501, 3.001, 12.999, 3.499 ], "texture": "#texture" },
        "west":  { "uv": [ 12.501, 3.001, 12.999, 3.499 ], "texture": "#texture" },
        "east":  { "uv": [ 12.999, 3.001, 12.501, 3.499 ], "texture": "#texture" }
    }
}
],
"display": {
    "thirdperson_righthand": {
        "rotation": [ 0, 90, 45 ],
        "translation": [ 0, 4.54, 1.12 ],
        "scale": [ 1, 1, 1 ]
    },
    "thirdperson_lefthand": {
        "rotation": [ -4, -90, -43 ],
        "translation": [ 0, 3.4, 0.94 ],
        "scale": [ 1, 1, 1 ]
    },
    "head": {
        "rotation": [ 0, 0, 0 ],
        "translation": [ 0, 0, 0 ],
        "scale": [ 1, 1, 1 ]
    },
    "ground": {
        "rotation": [ 0, 0, 0 ],
        "translation": [ 0, 4, 0 ],
        "scale": [ 1, 1, 1 ]
    },
    "fixed": {
        "rotation": [ 0, 0, 0 ],
        "translation": [ 0, 0, 0 ],
        "scale": [ 1, 1, 1 ]
    },
    "firstperson_righthand": {
        "rotation": [ -9, 90, 0 ],
        "translation": [ 0, 1.32, -0.19 ],
        "scale": [ 1, 1, 1 ]
    },
    "firstperson_lefthand": {
        "rotation": [ -9, -90, 0 ],
        "translation": [ 0, 1.89, -2.46 ],
        "scale": [ 1, 1, 1 ]
    },
    "gui": {
        "rotation": [ 0, 0, 0 ],
        "translation": [ 1.5, 1.51, 0 ],
        "scale": [ 1.2, 1.2, 1.2 ]
    }
}
}