{
"__comment": "Designed by Flashtt with BDcraft Cubik PRO 0.96 Beta - http://bdcraft.net",
"textures": {
    "texture": "items/custom/wooden_sword/Magic_Item/Magic_Bone"
},
"elements": [ 
{
    "__comment": "Magic_Bone x64",
    "from": [ 1.25, 1.75, 7.5 ],
    "to": [ 1.75, 2.25, 8.5 ],
    "faces": {
        "down":  { "uv": [ 1.251, 14.249, 1.749, 14.001 ], "texture": "#texture" },
        "up":    { "uv": [ 1.251, 13.751, 1.749, 13.999 ], "texture": "#texture" },
        "north": { "uv": [ 1.749, 13.751, 1.251, 14.249 ], "texture": "#texture" },
        "south": { "uv": [ 1.251, 13.751, 1.749, 14.249 ], "texture": "#texture" },
        "west":  { "uv": [ 1.251, 13.751, 1.499, 14.249 ], "texture": "#texture" },
        "east":  { "uv": [ 1.749, 13.751, 1.501, 14.249 ], "texture": "#texture" }
    }
},
{
    "__comment": "Magic_Bone x64",
    "from": [ 1.5, 2.25, 7.5 ],
    "to": [ 2, 2.5, 8.5 ],
    "faces": {
        "down":  { "uv": [ 1.501, 13.749, 1.999, 13.501 ], "texture": "#texture" },
        "up":    { "uv": [ 1.501, 13.501, 1.999, 13.749 ], "texture": "#texture" },
        "north": { "uv": [ 1.999, 13.501, 1.501, 13.749 ], "texture": "#texture" },
        "south": { "uv": [ 1.501, 13.501, 1.999, 13.749 ], "texture": "#texture" },
        "west":  { "uv": [ 1.501, 13.501, 1.749, 13.749 ], "texture": "#texture" },
        "east":  { "uv": [ 1.999, 13.501, 1.751, 13.749 ], "texture": "#texture" }
    }
},
{
    "__comment": "Magic_Bone x64",
    "from": [ 1.75, 1.5, 7.5 ],
    "to": [ 2, 2, 8.5 ],
    "faces": {
        "down":  { "uv": [ 1.751, 14.499, 1.999, 14.251 ], "texture": "#texture" },
        "up":    { "uv": [ 1.751, 14.001, 1.999, 14.249 ], "texture": "#texture" },
        "north": { "uv": [ 1.999, 14.001, 1.751, 14.499 ], "texture": "#texture" },
        "south": { "uv": [ 1.751, 14.001, 1.999, 14.499 ], "texture": "#texture" },
        "west":  { "uv": [ 1.751, 14.001, 1.999, 14.499 ], "texture": "#texture" },
        "east":  { "uv": [ 1.999, 14.001, 1.751, 14.499 ], "texture": "#texture" }
    }
},
{
    "__comment": "Magic_Bone x64",
    "from": [ 2, 2.5, 7.5 ],
    "to": [ 2.75, 2.75, 8.5 ],
    "faces": {
        "down":  { "uv": [ 2.001, 13.499, 2.749, 13.251 ], "texture": "#texture" },
        "up":    { "uv": [ 2.001, 13.251, 2.749, 13.499 ], "texture": "#texture" },
        "north": { "uv": [ 2.749, 13.251, 2.001, 13.499 ], "texture": "#texture" },
        "south": { "uv": [ 2.001, 13.251, 2.749, 13.499 ], "texture": "#texture" },
        "west":  { "uv": [ 2.001, 13.251, 2.249, 13.499 ], "texture": "#texture" },
        "east":  { "uv": [ 2.749, 13.251, 2.501, 13.499 ], "texture": "#texture" }
    }
},
{
    "__comment": "Magic_Bone x64",
    "from": [ 2, 1.75, 7.5 ],
    "to": [ 2.25, 2.25, 8.5 ],
    "faces": {
        "down":  { "uv": [ 2.001, 14.249, 2.249, 14.001 ], "texture": "#texture" },
        "up":    { "uv": [ 2.001, 13.751, 2.249, 13.999 ], "texture": "#texture" },
        "north": { "uv": [ 2.249, 13.751, 2.001, 14.249 ], "texture": "#texture" },
        "south": { "uv": [ 2.001, 13.751, 2.249, 14.249 ], "texture": "#texture" },
        "west":  { "uv": [ 2.001, 13.751, 2.249, 14.249 ], "texture": "#texture" },
        "east":  { "uv": [ 2.249, 13.751, 2.001, 14.249 ], "texture": "#texture" }
    }
},
{
    "__comment": "Magic_Bone x64",
    "from": [ 2.25, 2.75, 7.5 ],
    "to": [ 3, 3, 8.5 ],
    "faces": {
        "down":  { "uv": [ 2.251, 13.249, 2.999, 13.001 ], "texture": "#texture" },
        "up":    { "uv": [ 2.251, 13.001, 2.999, 13.249 ], "texture": "#texture" },
        "north": { "uv": [ 2.999, 13.001, 2.251, 13.249 ], "texture": "#texture" },
        "south": { "uv": [ 2.251, 13.001, 2.999, 13.249 ], "texture": "#texture" },
        "west":  { "uv": [ 2.251, 13.001, 2.499, 13.249 ], "texture": "#texture" },
        "east":  { "uv": [ 2.999, 13.001, 2.751, 13.249 ], "texture": "#texture" }
    }
},
{
    "__comment": "Magic_Bone x64",
    "from": [ 2.25, 2.25, 7.5 ],
    "to": [ 2.5, 2.5, 8.5 ],
    "faces": {
        "down":  { "uv": [ 2.251, 13.749, 2.499, 13.501 ], "texture": "#texture" },
        "up":    { "uv": [ 2.251, 13.501, 2.499, 13.749 ], "texture": "#texture" },
        "north": { "uv": [ 2.499, 13.501, 2.251, 13.749 ], "texture": "#texture" },
        "south": { "uv": [ 2.251, 13.501, 2.499, 13.749 ], "texture": "#texture" },
        "west":  { "uv": [ 2.251, 13.501, 2.499, 13.749 ], "texture": "#texture" },
        "east":  { "uv": [ 2.499, 13.501, 2.251, 13.749 ], "texture": "#texture" }
    }
},
{
    "__comment": "Magic_Bone x64",
    "from": [ 2.5, 3, 7.5 ],
    "to": [ 3.25, 3.25, 8.5 ],
    "faces": {
        "down":  { "uv": [ 2.501, 12.999, 3.249, 12.751 ], "texture": "#texture" },
        "up":    { "uv": [ 2.501, 12.751, 3.249, 12.999 ], "texture": "#texture" },
        "north": { "uv": [ 3.249, 12.751, 2.501, 12.999 ], "texture": "#texture" },
        "south": { "uv": [ 2.501, 12.751, 3.249, 12.999 ], "texture": "#texture" },
        "west":  { "uv": [ 2.501, 12.751, 2.749, 12.999 ], "texture": "#texture" },
        "east":  { "uv": [ 3.249, 12.751, 3.001, 12.999 ], "texture": "#texture" }
    }
},
{
    "__comment": "Magic_Bone x64",
    "from": [ 2.75, 3.25, 7.5 ],
    "to": [ 3.75, 3.5, 8.5 ],
    "faces": {
        "down":  { "uv": [ 2.751, 12.749, 3.749, 12.501 ], "texture": "#texture" },
        "up":    { "uv": [ 2.751, 12.501, 3.749, 12.749 ], "texture": "#texture" },
        "north": { "uv": [ 3.749, 12.501, 2.751, 12.749 ], "texture": "#texture" },
        "south": { "uv": [ 2.751, 12.501, 3.749, 12.749 ], "texture": "#texture" },
        "west":  { "uv": [ 2.751, 12.501, 2.999, 12.749 ], "texture": "#texture" },
        "east":  { "uv": [ 3.749, 12.501, 3.501, 12.749 ], "texture": "#texture" }
    }
},
{
    "__comment": "Magic_Bone x64",
    "from": [ 3, 3.5, 7.5 ],
    "to": [ 4, 3.75, 8.5 ],
    "faces": {
        "down":  { "uv": [ 3.001, 12.499, 3.999, 12.251 ], "texture": "#texture" },
        "up":    { "uv": [ 3.001, 12.251, 3.999, 12.499 ], "texture": "#texture" },
        "north": { "uv": [ 3.999, 12.251, 3.001, 12.499 ], "texture": "#texture" },
        "south": { "uv": [ 3.001, 12.251, 3.999, 12.499 ], "texture": "#texture" },
        "west":  { "uv": [ 3.001, 12.251, 3.249, 12.499 ], "texture": "#texture" },
        "east":  { "uv": [ 3.999, 12.251, 3.751, 12.499 ], "texture": "#texture" }
    }
},
{
    "__comment": "Magic_Bone x64",
    "from": [ 3.25, 3.75, 7.5 ],
    "to": [ 4.25, 4.25, 8.5 ],
    "faces": {
        "down":  { "uv": [ 3.251, 12.249, 4.249, 12.001 ], "texture": "#texture" },
        "up":    { "uv": [ 3.251, 11.751, 4.249, 11.999 ], "texture": "#texture" },
        "north": { "uv": [ 4.249, 11.751, 3.251, 12.249 ], "texture": "#texture" },
        "south": { "uv": [ 3.251, 11.751, 4.249, 12.249 ], "texture": "#texture" },
        "west":  { "uv": [ 3.251, 11.751, 3.499, 12.249 ], "texture": "#texture" },
        "east":  { "uv": [ 4.249, 11.751, 4.001, 12.249 ], "texture": "#texture" }
    }
},
{
    "__comment": "Magic_Bone x64",
    "from": [ 3.75, 4.25, 7.5 ],
    "to": [ 4.75, 4.5, 8.5 ],
    "faces": {
        "down":  { "uv": [ 3.751, 11.749, 4.749, 11.501 ], "texture": "#texture" },
        "up":    { "uv": [ 3.751, 11.501, 4.749, 11.749 ], "texture": "#texture" },
        "north": { "uv": [ 4.749, 11.501, 3.751, 11.749 ], "texture": "#texture" },
        "south": { "uv": [ 3.751, 11.501, 4.749, 11.749 ], "texture": "#texture" },
        "west":  { "uv": [ 3.751, 11.501, 3.999, 11.749 ], "texture": "#texture" },
        "east":  { "uv": [ 4.749, 11.501, 4.501, 11.749 ], "texture": "#texture" }
    }
},
{
    "__comment": "Magic_Bone x64",
    "from": [ 4, 4.5, 7.5 ],
    "to": [ 5, 4.75, 8.5 ],
    "faces": {
        "down":  { "uv": [ 4.001, 11.499, 4.999, 11.251 ], "texture": "#texture" },
        "up":    { "uv": [ 4.001, 11.251, 4.999, 11.499 ], "texture": "#texture" },
        "north": { "uv": [ 4.999, 11.251, 4.001, 11.499 ], "texture": "#texture" },
        "south": { "uv": [ 4.001, 11.251, 4.999, 11.499 ], "texture": "#texture" },
        "west":  { "uv": [ 4.001, 11.251, 4.249, 11.499 ], "texture": "#texture" },
        "east":  { "uv": [ 4.999, 11.251, 4.751, 11.499 ], "texture": "#texture" }
    }
},
{
    "__comment": "Magic_Bone x64",
    "from": [ 4.25, 4.75, 7.5 ],
    "to": [ 5.25, 5, 8.5 ],
    "faces": {
        "down":  { "uv": [ 4.251, 11.249, 5.249, 11.001 ], "texture": "#texture" },
        "up":    { "uv": [ 4.251, 11.001, 5.249, 11.249 ], "texture": "#texture" },
        "north": { "uv": [ 5.249, 11.001, 4.251, 11.249 ], "texture": "#texture" },
        "south": { "uv": [ 4.251, 11.001, 5.249, 11.249 ], "texture": "#texture" },
        "west":  { "uv": [ 4.251, 11.001, 4.499, 11.249 ], "texture": "#texture" },
        "east":  { "uv": [ 5.249, 11.001, 5.001, 11.249 ], "texture": "#texture" }
    }
},
{
    "__comment": "Magic_Bone x64",
    "from": [ 4.25, 4, 7.5 ],
    "to": [ 4.5, 4.25, 8.5 ],
    "faces": {
        "down":  { "uv": [ 4.251, 11.999, 4.499, 11.751 ], "texture": "#texture" },
        "up":    { "uv": [ 4.251, 11.751, 4.499, 11.999 ], "texture": "#texture" },
        "north": { "uv": [ 4.499, 11.751, 4.251, 11.999 ], "texture": "#texture" },
        "south": { "uv": [ 4.251, 11.751, 4.499, 11.999 ], "texture": "#texture" },
        "west":  { "uv": [ 4.251, 11.751, 4.499, 11.999 ], "texture": "#texture" },
        "east":  { "uv": [ 4.499, 11.751, 4.251, 11.999 ], "texture": "#texture" }
    }
},
{
    "__comment": "Magic_Bone x64",
    "from": [ 4.5, 5, 7.5 ],
    "to": [ 5, 5.5, 8.5 ],
    "faces": {
        "down":  { "uv": [ 4.501, 10.999, 4.999, 10.751 ], "texture": "#texture" },
        "up":    { "uv": [ 4.501, 10.501, 4.999, 10.749 ], "texture": "#texture" },
        "north": { "uv": [ 4.999, 10.501, 4.501, 10.999 ], "texture": "#texture" },
        "south": { "uv": [ 4.501, 10.501, 4.999, 10.999 ], "texture": "#texture" },
        "west":  { "uv": [ 4.501, 10.501, 4.749, 10.999 ], "texture": "#texture" },
        "east":  { "uv": [ 4.999, 10.501, 4.751, 10.999 ], "texture": "#texture" }
    }
},
{
    "__comment": "Magic_Bone x64",
    "from": [ 4.75, 5.5, 7.5 ],
    "to": [ 5.25, 5.75, 8.5 ],
    "faces": {
        "down":  { "uv": [ 4.751, 10.499, 5.249, 10.251 ], "texture": "#texture" },
        "up":    { "uv": [ 4.751, 10.251, 5.249, 10.499 ], "texture": "#texture" },
        "north": { "uv": [ 5.249, 10.251, 4.751, 10.499 ], "texture": "#texture" },
        "south": { "uv": [ 4.751, 10.251, 5.249, 10.499 ], "texture": "#texture" },
        "west":  { "uv": [ 4.751, 10.251, 4.999, 10.499 ], "texture": "#texture" },
        "east":  { "uv": [ 5.249, 10.251, 5.001, 10.499 ], "texture": "#texture" }
    }
},
{
    "__comment": "Magic_Bone x64",
    "from": [ 5, 5, 7.5 ],
    "to": [ 5.5, 5.25, 8.5 ],
    "faces": {
        "down":  { "uv": [ 5.001, 10.999, 5.499, 10.751 ], "texture": "#texture" },
        "up":    { "uv": [ 5.001, 10.751, 5.499, 10.999 ], "texture": "#texture" },
        "north": { "uv": [ 5.499, 10.751, 5.001, 10.999 ], "texture": "#texture" },
        "south": { "uv": [ 5.001, 10.751, 5.499, 10.999 ], "texture": "#texture" },
        "west":  { "uv": [ 5.001, 10.751, 5.249, 10.999 ], "texture": "#texture" },
        "east":  { "uv": [ 5.499, 10.751, 5.251, 10.999 ], "texture": "#texture" }
    }
},
{
    "__comment": "Magic_Bone x64",
    "from": [ 5.25, 5.75, 7.5 ],
    "to": [ 6, 6, 8.5 ],
    "faces": {
        "down":  { "uv": [ 5.251, 10.249, 5.999, 10.001 ], "texture": "#texture" },
        "up":    { "uv": [ 5.251, 10.001, 5.999, 10.249 ], "texture": "#texture" },
        "north": { "uv": [ 5.999, 10.001, 5.251, 10.249 ], "texture": "#texture" },
        "south": { "uv": [ 5.251, 10.001, 5.999, 10.249 ], "texture": "#texture" },
        "west":  { "uv": [ 5.251, 10.001, 5.499, 10.249 ], "texture": "#texture" },
        "east":  { "uv": [ 5.999, 10.001, 5.751, 10.249 ], "texture": "#texture" }
    }
},
{
    "__comment": "Magic_Bone x64",
    "from": [ 5.25, 5.25, 7.5 ],
    "to": [ 5.5, 5.5, 8.5 ],
    "faces": {
        "down":  { "uv": [ 5.251, 10.749, 5.499, 10.501 ], "texture": "#texture" },
        "up":    { "uv": [ 5.251, 10.501, 5.499, 10.749 ], "texture": "#texture" },
        "north": { "uv": [ 5.499, 10.501, 5.251, 10.749 ], "texture": "#texture" },
        "south": { "uv": [ 5.251, 10.501, 5.499, 10.749 ], "texture": "#texture" },
        "west":  { "uv": [ 5.251, 10.501, 5.499, 10.749 ], "texture": "#texture" },
        "east":  { "uv": [ 5.499, 10.501, 5.251, 10.749 ], "texture": "#texture" }
    }
},
{
    "__comment": "Magic_Bone x64",
    "from": [ 5.5, 6, 7.5 ],
    "to": [ 6.25, 6.25, 8.5 ],
    "faces": {
        "down":  { "uv": [ 5.501, 9.999, 6.249, 9.751 ], "texture": "#texture" },
        "up":    { "uv": [ 5.501, 9.751, 6.249, 9.999 ], "texture": "#texture" },
        "north": { "uv": [ 6.249, 9.751, 5.501, 9.999 ], "texture": "#texture" },
        "south": { "uv": [ 5.501, 9.751, 6.249, 9.999 ], "texture": "#texture" },
        "west":  { "uv": [ 5.501, 9.751, 5.749, 9.999 ], "texture": "#texture" },
        "east":  { "uv": [ 6.249, 9.751, 6.001, 9.999 ], "texture": "#texture" }
    }
},
{
    "__comment": "Magic_Bone x64",
    "from": [ 5.5, 5.5, 7.5 ],
    "to": [ 5.75, 5.75, 8.5 ],
    "faces": {
        "down":  { "uv": [ 5.501, 10.499, 5.749, 10.251 ], "texture": "#texture" },
        "up":    { "uv": [ 5.501, 10.251, 5.749, 10.499 ], "texture": "#texture" },
        "north": { "uv": [ 5.749, 10.251, 5.501, 10.499 ], "texture": "#texture" },
        "south": { "uv": [ 5.501, 10.251, 5.749, 10.499 ], "texture": "#texture" },
        "west":  { "uv": [ 5.501, 10.251, 5.749, 10.499 ], "texture": "#texture" },
        "east":  { "uv": [ 5.749, 10.251, 5.501, 10.499 ], "texture": "#texture" }
    }
},
{
    "__comment": "Magic_Bone x64",
    "from": [ 5.75, 6.25, 7.5 ],
    "to": [ 6.5, 6.5, 8.5 ],
    "faces": {
        "down":  { "uv": [ 5.751, 9.749, 6.499, 9.501 ], "texture": "#texture" },
        "up":    { "uv": [ 5.751, 9.501, 6.499, 9.749 ], "texture": "#texture" },
        "north": { "uv": [ 6.499, 9.501, 5.751, 9.749 ], "texture": "#texture" },
        "south": { "uv": [ 5.751, 9.501, 6.499, 9.749 ], "texture": "#texture" },
        "west":  { "uv": [ 5.751, 9.501, 5.999, 9.749 ], "texture": "#texture" },
        "east":  { "uv": [ 6.499, 9.501, 6.251, 9.749 ], "texture": "#texture" }
    }
},
{
    "__comment": "Magic_Bone x64",
    "from": [ 6, 6.5, 7.5 ],
    "to": [ 6.25, 6.75, 8.5 ],
    "faces": {
        "down":  { "uv": [ 6.001, 9.499, 6.249, 9.251 ], "texture": "#texture" },
        "up":    { "uv": [ 6.001, 9.251, 6.249, 9.499 ], "texture": "#texture" },
        "north": { "uv": [ 6.249, 9.251, 6.001, 9.499 ], "texture": "#texture" },
        "south": { "uv": [ 6.001, 9.251, 6.249, 9.499 ], "texture": "#texture" },
        "west":  { "uv": [ 6.001, 9.251, 6.249, 9.499 ], "texture": "#texture" },
        "east":  { "uv": [ 6.249, 9.251, 6.001, 9.499 ], "texture": "#texture" }
    }
},
{
    "__comment": "Magic_Bone x64",
    "from": [ 6.25, 6.75, 7.5 ],
    "to": [ 7, 7, 8.5 ],
    "faces": {
        "down":  { "uv": [ 6.251, 9.249, 6.999, 9.001 ], "texture": "#texture" },
        "up":    { "uv": [ 6.251, 9.001, 6.999, 9.249 ], "texture": "#texture" },
        "north": { "uv": [ 6.999, 9.001, 6.251, 9.249 ], "texture": "#texture" },
        "south": { "uv": [ 6.251, 9.001, 6.999, 9.249 ], "texture": "#texture" },
        "west":  { "uv": [ 6.251, 9.001, 6.499, 9.249 ], "texture": "#texture" },
        "east":  { "uv": [ 6.999, 9.001, 6.751, 9.249 ], "texture": "#texture" }
    }
},
{
    "__comment": "Magic_Bone x64",
    "from": [ 6.5, 7, 7.5 ],
    "to": [ 7.25, 7.25, 8.5 ],
    "faces": {
        "down":  { "uv": [ 6.501, 8.999, 7.249, 8.751 ], "texture": "#texture" },
        "up":    { "uv": [ 6.501, 8.751, 7.249, 8.999 ], "texture": "#texture" },
        "north": { "uv": [ 7.249, 8.751, 6.501, 8.999 ], "texture": "#texture" },
        "south": { "uv": [ 6.501, 8.751, 7.249, 8.999 ], "texture": "#texture" },
        "west":  { "uv": [ 6.501, 8.751, 6.749, 8.999 ], "texture": "#texture" },
        "east":  { "uv": [ 7.249, 8.751, 7.001, 8.999 ], "texture": "#texture" }
    }
},
{
    "__comment": "Magic_Bone x64",
    "from": [ 6.5, 6.5, 7.5 ],
    "to": [ 6.75, 6.75, 8.5 ],
    "faces": {
        "down":  { "uv": [ 6.501, 9.499, 6.749, 9.251 ], "texture": "#texture" },
        "up":    { "uv": [ 6.501, 9.251, 6.749, 9.499 ], "texture": "#texture" },
        "north": { "uv": [ 6.749, 9.251, 6.501, 9.499 ], "texture": "#texture" },
        "south": { "uv": [ 6.501, 9.251, 6.749, 9.499 ], "texture": "#texture" },
        "west":  { "uv": [ 6.501, 9.251, 6.749, 9.499 ], "texture": "#texture" },
        "east":  { "uv": [ 6.749, 9.251, 6.501, 9.499 ], "texture": "#texture" }
    }
},
{
    "__comment": "Magic_Bone x64",
    "from": [ 6.75, 7.25, 7.5 ],
    "to": [ 7.75, 7.5, 8.5 ],
    "faces": {
        "down":  { "uv": [ 6.751, 8.749, 7.749, 8.501 ], "texture": "#texture" },
        "up":    { "uv": [ 6.751, 8.501, 7.749, 8.749 ], "texture": "#texture" },
        "north": { "uv": [ 7.749, 8.501, 6.751, 8.749 ], "texture": "#texture" },
        "south": { "uv": [ 6.751, 8.501, 7.749, 8.749 ], "texture": "#texture" },
        "west":  { "uv": [ 6.751, 8.501, 6.999, 8.749 ], "texture": "#texture" },
        "east":  { "uv": [ 7.749, 8.501, 7.501, 8.749 ], "texture": "#texture" }
    }
},
{
    "__comment": "Magic_Bone x64",
    "from": [ 7, 7.5, 7.5 ],
    "to": [ 8, 7.75, 8.5 ],
    "faces": {
        "down":  { "uv": [ 7.001, 8.499, 7.999, 8.251 ], "texture": "#texture" },
        "up":    { "uv": [ 7.001, 8.251, 7.999, 8.499 ], "texture": "#texture" },
        "north": { "uv": [ 7.999, 8.251, 7.001, 8.499 ], "texture": "#texture" },
        "south": { "uv": [ 7.001, 8.251, 7.999, 8.499 ], "texture": "#texture" },
        "west":  { "uv": [ 7.001, 8.251, 7.249, 8.499 ], "texture": "#texture" },
        "east":  { "uv": [ 7.999, 8.251, 7.751, 8.499 ], "texture": "#texture" }
    }
},
{
    "__comment": "Magic_Bone x64",
    "from": [ 7.25, 7.75, 7.5 ],
    "to": [ 8.25, 8.25, 8.5 ],
    "faces": {
        "down":  { "uv": [ 7.251, 8.249, 8.249, 8.001 ], "texture": "#texture" },
        "up":    { "uv": [ 7.251, 7.751, 8.249, 7.999 ], "texture": "#texture" },
        "north": { "uv": [ 8.249, 7.751, 7.251, 8.249 ], "texture": "#texture" },
        "south": { "uv": [ 7.251, 7.751, 8.249, 8.249 ], "texture": "#texture" },
        "west":  { "uv": [ 7.251, 7.751, 7.499, 8.249 ], "texture": "#texture" },
        "east":  { "uv": [ 8.249, 7.751, 8.001, 8.249 ], "texture": "#texture" }
    }
},
{
    "__comment": "Magic_Bone x64",
    "from": [ 7.75, 8.25, 7.5 ],
    "to": [ 8.25, 8.75, 8.5 ],
    "faces": {
        "down":  { "uv": [ 7.751, 7.749, 8.249, 7.501 ], "texture": "#texture" },
        "up":    { "uv": [ 7.751, 7.251, 8.249, 7.499 ], "texture": "#texture" },
        "north": { "uv": [ 8.249, 7.251, 7.751, 7.749 ], "texture": "#texture" },
        "south": { "uv": [ 7.751, 7.251, 8.249, 7.749 ], "texture": "#texture" },
        "west":  { "uv": [ 7.751, 7.251, 7.999, 7.749 ], "texture": "#texture" },
        "east":  { "uv": [ 8.249, 7.251, 8.001, 7.749 ], "texture": "#texture" }
    }
},
{
    "__comment": "Magic_Bone x64",
    "from": [ 8, 8.75, 7.5 ],
    "to": [ 8.5, 9, 8.5 ],
    "faces": {
        "down":  { "uv": [ 8.001, 7.249, 8.499, 7.001 ], "texture": "#texture" },
        "up":    { "uv": [ 8.001, 7.001, 8.499, 7.249 ], "texture": "#texture" },
        "north": { "uv": [ 8.499, 7.001, 8.001, 7.249 ], "texture": "#texture" },
        "south": { "uv": [ 8.001, 7.001, 8.499, 7.249 ], "texture": "#texture" },
        "west":  { "uv": [ 8.001, 7.001, 8.249, 7.249 ], "texture": "#texture" },
        "east":  { "uv": [ 8.499, 7.001, 8.251, 7.249 ], "texture": "#texture" }
    }
},
{
    "__comment": "Magic_Bone x64",
    "from": [ 8.25, 8, 7.5 ],
    "to": [ 8.5, 8.5, 8.5 ],
    "faces": {
        "down":  { "uv": [ 8.251, 7.999, 8.499, 7.751 ], "texture": "#texture" },
        "up":    { "uv": [ 8.251, 7.501, 8.499, 7.749 ], "texture": "#texture" },
        "north": { "uv": [ 8.499, 7.501, 8.251, 7.999 ], "texture": "#texture" },
        "south": { "uv": [ 8.251, 7.501, 8.499, 7.999 ], "texture": "#texture" },
        "west":  { "uv": [ 8.251, 7.501, 8.499, 7.999 ], "texture": "#texture" },
        "east":  { "uv": [ 8.499, 7.501, 8.251, 7.999 ], "texture": "#texture" }
    }
},
{
    "__comment": "Magic_Bone x64",
    "from": [ 8.5, 9, 7.5 ],
    "to": [ 9.25, 9.25, 8.5 ],
    "faces": {
        "down":  { "uv": [ 8.501, 6.999, 9.249, 6.751 ], "texture": "#texture" },
        "up":    { "uv": [ 8.501, 6.751, 9.249, 6.999 ], "texture": "#texture" },
        "north": { "uv": [ 9.249, 6.751, 8.501, 6.999 ], "texture": "#texture" },
        "south": { "uv": [ 8.501, 6.751, 9.249, 6.999 ], "texture": "#texture" },
        "west":  { "uv": [ 8.501, 6.751, 8.749, 6.999 ], "texture": "#texture" },
        "east":  { "uv": [ 9.249, 6.751, 9.001, 6.999 ], "texture": "#texture" }
    }
},
{
    "__comment": "Magic_Bone x64",
    "from": [ 8.5, 8.25, 7.5 ],
    "to": [ 8.75, 8.75, 8.5 ],
    "faces": {
        "down":  { "uv": [ 8.501, 7.749, 8.749, 7.501 ], "texture": "#texture" },
        "up":    { "uv": [ 8.501, 7.251, 8.749, 7.499 ], "texture": "#texture" },
        "north": { "uv": [ 8.749, 7.251, 8.501, 7.749 ], "texture": "#texture" },
        "south": { "uv": [ 8.501, 7.251, 8.749, 7.749 ], "texture": "#texture" },
        "west":  { "uv": [ 8.501, 7.251, 8.749, 7.749 ], "texture": "#texture" },
        "east":  { "uv": [ 8.749, 7.251, 8.501, 7.749 ], "texture": "#texture" }
    }
},
{
    "__comment": "Magic_Bone x64",
    "from": [ 8.75, 9.25, 7.5 ],
    "to": [ 9.5, 9.5, 8.5 ],
    "faces": {
        "down":  { "uv": [ 8.751, 6.749, 9.499, 6.501 ], "texture": "#texture" },
        "up":    { "uv": [ 8.751, 6.501, 9.499, 6.749 ], "texture": "#texture" },
        "north": { "uv": [ 9.499, 6.501, 8.751, 6.749 ], "texture": "#texture" },
        "south": { "uv": [ 8.751, 6.501, 9.499, 6.749 ], "texture": "#texture" },
        "west":  { "uv": [ 8.751, 6.501, 8.999, 6.749 ], "texture": "#texture" },
        "east":  { "uv": [ 9.499, 6.501, 9.251, 6.749 ], "texture": "#texture" }
    }
},
{
    "__comment": "Magic_Bone x64",
    "from": [ 8.75, 8.75, 7.5 ],
    "to": [ 9, 9, 8.5 ],
    "faces": {
        "down":  { "uv": [ 8.751, 7.249, 8.999, 7.001 ], "texture": "#texture" },
        "up":    { "uv": [ 8.751, 7.001, 8.999, 7.249 ], "texture": "#texture" },
        "north": { "uv": [ 8.999, 7.001, 8.751, 7.249 ], "texture": "#texture" },
        "south": { "uv": [ 8.751, 7.001, 8.999, 7.249 ], "texture": "#texture" },
        "west":  { "uv": [ 8.751, 7.001, 8.999, 7.249 ], "texture": "#texture" },
        "east":  { "uv": [ 8.999, 7.001, 8.751, 7.249 ], "texture": "#texture" }
    }
},
{
    "__comment": "Magic_Bone x64",
    "from": [ 9, 9.5, 7.5 ],
    "to": [ 9.75, 9.75, 8.5 ],
    "faces": {
        "down":  { "uv": [ 9.001, 6.499, 9.749, 6.251 ], "texture": "#texture" },
        "up":    { "uv": [ 9.001, 6.251, 9.749, 6.499 ], "texture": "#texture" },
        "north": { "uv": [ 9.749, 6.251, 9.001, 6.499 ], "texture": "#texture" },
        "south": { "uv": [ 9.001, 6.251, 9.749, 6.499 ], "texture": "#texture" },
        "west":  { "uv": [ 9.001, 6.251, 9.249, 6.499 ], "texture": "#texture" },
        "east":  { "uv": [ 9.749, 6.251, 9.501, 6.499 ], "texture": "#texture" }
    }
},
{
    "__comment": "Magic_Bone x64",
    "from": [ 9.25, 9.75, 7.5 ],
    "to": [ 9.5, 10, 8.5 ],
    "faces": {
        "down":  { "uv": [ 9.251, 6.249, 9.499, 6.001 ], "texture": "#texture" },
        "up":    { "uv": [ 9.251, 6.001, 9.499, 6.249 ], "texture": "#texture" },
        "north": { "uv": [ 9.499, 6.001, 9.251, 6.249 ], "texture": "#texture" },
        "south": { "uv": [ 9.251, 6.001, 9.499, 6.249 ], "texture": "#texture" },
        "west":  { "uv": [ 9.251, 6.001, 9.499, 6.249 ], "texture": "#texture" },
        "east":  { "uv": [ 9.499, 6.001, 9.251, 6.249 ], "texture": "#texture" }
    }
},
{
    "__comment": "Magic_Bone x64",
    "from": [ 9.5, 10, 7.5 ],
    "to": [ 10.25, 10.25, 8.5 ],
    "faces": {
        "down":  { "uv": [ 9.501, 5.999, 10.249, 5.751 ], "texture": "#texture" },
        "up":    { "uv": [ 9.501, 5.751, 10.249, 5.999 ], "texture": "#texture" },
        "north": { "uv": [ 10.249, 5.751, 9.501, 5.999 ], "texture": "#texture" },
        "south": { "uv": [ 9.501, 5.751, 10.249, 5.999 ], "texture": "#texture" },
        "west":  { "uv": [ 9.501, 5.751, 9.749, 5.999 ], "texture": "#texture" },
        "east":  { "uv": [ 10.249, 5.751, 10.001, 5.999 ], "texture": "#texture" }
    }
},
{
    "__comment": "Magic_Bone x64",
    "from": [ 9.75, 10.25, 7.5 ],
    "to": [ 10.5, 10.5, 8.5 ],
    "faces": {
        "down":  { "uv": [ 9.751, 5.749, 10.499, 5.501 ], "texture": "#texture" },
        "up":    { "uv": [ 9.751, 5.501, 10.499, 5.749 ], "texture": "#texture" },
        "north": { "uv": [ 10.499, 5.501, 9.751, 5.749 ], "texture": "#texture" },
        "south": { "uv": [ 9.751, 5.501, 10.499, 5.749 ], "texture": "#texture" },
        "west":  { "uv": [ 9.751, 5.501, 9.999, 5.749 ], "texture": "#texture" },
        "east":  { "uv": [ 10.499, 5.501, 10.251, 5.749 ], "texture": "#texture" }
    }
},
{
    "__comment": "Magic_Bone x64",
    "from": [ 9.75, 9.75, 7.5 ],
    "to": [ 10, 10, 8.5 ],
    "faces": {
        "down":  { "uv": [ 9.751, 6.249, 9.999, 6.001 ], "texture": "#texture" },
        "up":    { "uv": [ 9.751, 6.001, 9.999, 6.249 ], "texture": "#texture" },
        "north": { "uv": [ 9.999, 6.001, 9.751, 6.249 ], "texture": "#texture" },
        "south": { "uv": [ 9.751, 6.001, 9.999, 6.249 ], "texture": "#texture" },
        "west":  { "uv": [ 9.751, 6.001, 9.999, 6.249 ], "texture": "#texture" },
        "east":  { "uv": [ 9.999, 6.001, 9.751, 6.249 ], "texture": "#texture" }
    }
},
{
    "__comment": "Magic_Bone x64",
    "from": [ 10, 10.5, 7.5 ],
    "to": [ 11, 10.75, 8.5 ],
    "faces": {
        "down":  { "uv": [ 10.001, 5.499, 10.999, 5.251 ], "texture": "#texture" },
        "up":    { "uv": [ 10.001, 5.251, 10.999, 5.499 ], "texture": "#texture" },
        "north": { "uv": [ 10.999, 5.251, 10.001, 5.499 ], "texture": "#texture" },
        "south": { "uv": [ 10.001, 5.251, 10.999, 5.499 ], "texture": "#texture" },
        "west":  { "uv": [ 10.001, 5.251, 10.249, 5.499 ], "texture": "#texture" },
        "east":  { "uv": [ 10.999, 5.251, 10.751, 5.499 ], "texture": "#texture" }
    }
},
{
    "__comment": "Magic_Bone x64",
    "from": [ 10.25, 10.75, 7.5 ],
    "to": [ 11.25, 11, 8.5 ],
    "faces": {
        "down":  { "uv": [ 10.251, 5.249, 11.249, 5.001 ], "texture": "#texture" },
        "up":    { "uv": [ 10.251, 5.001, 11.249, 5.249 ], "texture": "#texture" },
        "north": { "uv": [ 11.249, 5.001, 10.251, 5.249 ], "texture": "#texture" },
        "south": { "uv": [ 10.251, 5.001, 11.249, 5.249 ], "texture": "#texture" },
        "west":  { "uv": [ 10.251, 5.001, 10.499, 5.249 ], "texture": "#texture" },
        "east":  { "uv": [ 11.249, 5.001, 11.001, 5.249 ], "texture": "#texture" }
    }
},
{
    "__comment": "Magic_Bone x64",
    "from": [ 10.5, 11, 7.5 ],
    "to": [ 11.5, 11.5, 8.5 ],
    "faces": {
        "down":  { "uv": [ 10.501, 4.999, 11.499, 4.751 ], "texture": "#texture" },
        "up":    { "uv": [ 10.501, 4.501, 11.499, 4.749 ], "texture": "#texture" },
        "north": { "uv": [ 11.499, 4.501, 10.501, 4.999 ], "texture": "#texture" },
        "south": { "uv": [ 10.501, 4.501, 11.499, 4.999 ], "texture": "#texture" },
        "west":  { "uv": [ 10.501, 4.501, 10.749, 4.999 ], "texture": "#texture" },
        "east":  { "uv": [ 11.499, 4.501, 11.251, 4.999 ], "texture": "#texture" }
    }
},
{
    "__comment": "Magic_Bone x64",
    "from": [ 11, 11.5, 7.5 ],
    "to": [ 11.5, 12, 8.5 ],
    "faces": {
        "down":  { "uv": [ 11.001, 4.499, 11.499, 4.251 ], "texture": "#texture" },
        "up":    { "uv": [ 11.001, 4.001, 11.499, 4.249 ], "texture": "#texture" },
        "north": { "uv": [ 11.499, 4.001, 11.001, 4.499 ], "texture": "#texture" },
        "south": { "uv": [ 11.001, 4.001, 11.499, 4.499 ], "texture": "#texture" },
        "west":  { "uv": [ 11.001, 4.001, 11.249, 4.499 ], "texture": "#texture" },
        "east":  { "uv": [ 11.499, 4.001, 11.251, 4.499 ], "texture": "#texture" }
    }
},
{
    "__comment": "Magic_Bone x64",
    "from": [ 11.25, 12, 7.5 ],
    "to": [ 11.75, 12.25, 8.5 ],
    "faces": {
        "down":  { "uv": [ 11.251, 3.999, 11.749, 3.751 ], "texture": "#texture" },
        "up":    { "uv": [ 11.251, 3.751, 11.749, 3.999 ], "texture": "#texture" },
        "north": { "uv": [ 11.749, 3.751, 11.251, 3.999 ], "texture": "#texture" },
        "south": { "uv": [ 11.251, 3.751, 11.749, 3.999 ], "texture": "#texture" },
        "west":  { "uv": [ 11.251, 3.751, 11.499, 3.999 ], "texture": "#texture" },
        "east":  { "uv": [ 11.749, 3.751, 11.501, 3.999 ], "texture": "#texture" }
    }
},
{
    "__comment": "Magic_Bone x64",
    "from": [ 11.5, 11.25, 7.5 ],
    "to": [ 11.75, 11.75, 8.5 ],
    "faces": {
        "down":  { "uv": [ 11.501, 4.749, 11.749, 4.501 ], "texture": "#texture" },
        "up":    { "uv": [ 11.501, 4.251, 11.749, 4.499 ], "texture": "#texture" },
        "north": { "uv": [ 11.749, 4.251, 11.501, 4.749 ], "texture": "#texture" },
        "south": { "uv": [ 11.501, 4.251, 11.749, 4.749 ], "texture": "#texture" },
        "west":  { "uv": [ 11.501, 4.251, 11.749, 4.749 ], "texture": "#texture" },
        "east":  { "uv": [ 11.749, 4.251, 11.501, 4.749 ], "texture": "#texture" }
    }
},
{
    "__comment": "Magic_Bone x64",
    "from": [ 11.75, 12.25, 7.5 ],
    "to": [ 12.5, 12.5, 8.5 ],
    "faces": {
        "down":  { "uv": [ 11.751, 3.749, 12.499, 3.501 ], "texture": "#texture" },
        "up":    { "uv": [ 11.751, 3.501, 12.499, 3.749 ], "texture": "#texture" },
        "north": { "uv": [ 12.499, 3.501, 11.751, 3.749 ], "texture": "#texture" },
        "south": { "uv": [ 11.751, 3.501, 12.499, 3.749 ], "texture": "#texture" },
        "west":  { "uv": [ 11.751, 3.501, 11.999, 3.749 ], "texture": "#texture" },
        "east":  { "uv": [ 12.499, 3.501, 12.251, 3.749 ], "texture": "#texture" }
    }
},
{
    "__comment": "Magic_Bone x64",
    "from": [ 11.75, 11.5, 7.5 ],
    "to": [ 12, 12, 8.5 ],
    "faces": {
        "down":  { "uv": [ 11.751, 4.499, 11.999, 4.251 ], "texture": "#texture" },
        "up":    { "uv": [ 11.751, 4.001, 11.999, 4.249 ], "texture": "#texture" },
        "north": { "uv": [ 11.999, 4.001, 11.751, 4.499 ], "texture": "#texture" },
        "south": { "uv": [ 11.751, 4.001, 11.999, 4.499 ], "texture": "#texture" },
        "west":  { "uv": [ 11.751, 4.001, 11.999, 4.499 ], "texture": "#texture" },
        "east":  { "uv": [ 11.999, 4.001, 11.751, 4.499 ], "texture": "#texture" }
    }
},
{
    "__comment": "Magic_Bone x64",
    "from": [ 12, 12.5, 7.5 ],
    "to": [ 12.75, 12.75, 8.5 ],
    "faces": {
        "down":  { "uv": [ 12.001, 3.499, 12.749, 3.251 ], "texture": "#texture" },
        "up":    { "uv": [ 12.001, 3.251, 12.749, 3.499 ], "texture": "#texture" },
        "north": { "uv": [ 12.749, 3.251, 12.001, 3.499 ], "texture": "#texture" },
        "south": { "uv": [ 12.001, 3.251, 12.749, 3.499 ], "texture": "#texture" },
        "west":  { "uv": [ 12.001, 3.251, 12.249, 3.499 ], "texture": "#texture" },
        "east":  { "uv": [ 12.749, 3.251, 12.501, 3.499 ], "texture": "#texture" }
    }
},
{
    "__comment": "Magic_Bone x64",
    "from": [ 12, 12, 7.5 ],
    "to": [ 12.25, 12.25, 8.5 ],
    "faces": {
        "down":  { "uv": [ 12.001, 3.999, 12.249, 3.751 ], "texture": "#texture" },
        "up":    { "uv": [ 12.001, 3.751, 12.249, 3.999 ], "texture": "#texture" },
        "north": { "uv": [ 12.249, 3.751, 12.001, 3.999 ], "texture": "#texture" },
        "south": { "uv": [ 12.001, 3.751, 12.249, 3.999 ], "texture": "#texture" },
        "west":  { "uv": [ 12.001, 3.751, 12.249, 3.999 ], "texture": "#texture" },
        "east":  { "uv": [ 12.249, 3.751, 12.001, 3.999 ], "texture": "#texture" }
    }
},
{
    "__comment": "Magic_Bone x64",
    "from": [ 12.25, 12.75, 7.5 ],
    "to": [ 13, 13, 8.5 ],
    "faces": {
        "down":  { "uv": [ 12.251, 3.249, 12.999, 3.001 ], "texture": "#texture" },
        "up":    { "uv": [ 12.251, 3.001, 12.999, 3.249 ], "texture": "#texture" },
        "north": { "uv": [ 12.999, 3.001, 12.251, 3.249 ], "texture": "#texture" },
        "south": { "uv": [ 12.251, 3.001, 12.999, 3.249 ], "texture": "#texture" },
        "west":  { "uv": [ 12.251, 3.001, 12.499, 3.249 ], "texture": "#texture" },
        "east":  { "uv": [ 12.999, 3.001, 12.751, 3.249 ], "texture": "#texture" }
    }
},
{
    "__comment": "Magic_Bone x64",
    "from": [ 12.5, 13, 7.5 ],
    "to": [ 13.5, 13.25, 8.5 ],
    "faces": {
        "down":  { "uv": [ 12.501, 2.999, 13.499, 2.751 ], "texture": "#texture" },
        "up":    { "uv": [ 12.501, 2.751, 13.499, 2.999 ], "texture": "#texture" },
        "north": { "uv": [ 13.499, 2.751, 12.501, 2.999 ], "texture": "#texture" },
        "south": { "uv": [ 12.501, 2.751, 13.499, 2.999 ], "texture": "#texture" },
        "west":  { "uv": [ 12.501, 2.751, 12.749, 2.999 ], "texture": "#texture" },
        "east":  { "uv": [ 13.499, 2.751, 13.251, 2.999 ], "texture": "#texture" }
    }
},
{
    "__comment": "Magic_Bone x64",
    "from": [ 12.75, 13.25, 7.5 ],
    "to": [ 14.25, 13.5, 8.5 ],
    "faces": {
        "down":  { "uv": [ 12.751, 2.749, 14.249, 2.501 ], "texture": "#texture" },
        "up":    { "uv": [ 12.751, 2.501, 14.249, 2.749 ], "texture": "#texture" },
        "north": { "uv": [ 14.249, 2.501, 12.751, 2.749 ], "texture": "#texture" },
        "south": { "uv": [ 12.751, 2.501, 14.249, 2.749 ], "texture": "#texture" },
        "west":  { "uv": [ 12.751, 2.501, 12.999, 2.749 ], "texture": "#texture" },
        "east":  { "uv": [ 14.249, 2.501, 14.001, 2.749 ], "texture": "#texture" }
    }
},
{
    "__comment": "Magic_Bone x64",
    "from": [ 13, 13.5, 7.5 ],
    "to": [ 14.5, 14.5, 8.5 ],
    "faces": {
        "down":  { "uv": [ 13.001, 2.499, 14.499, 2.251 ], "texture": "#texture" },
        "up":    { "uv": [ 13.001, 1.501, 14.499, 1.749 ], "texture": "#texture" },
        "north": { "uv": [ 14.499, 1.501, 13.001, 2.499 ], "texture": "#texture" },
        "south": { "uv": [ 13.001, 1.501, 14.499, 2.499 ], "texture": "#texture" },
        "west":  { "uv": [ 13.001, 1.501, 13.249, 2.499 ], "texture": "#texture" },
        "east":  { "uv": [ 14.499, 1.501, 14.251, 2.499 ], "texture": "#texture" }
    }
},
{
    "__comment": "Magic_Bone x64",
    "from": [ 13.25, 14.5, 7.5 ],
    "to": [ 14.5, 14.75, 8.5 ],
    "faces": {
        "down":  { "uv": [ 13.251, 1.499, 14.499, 1.251 ], "texture": "#texture" },
        "up":    { "uv": [ 13.251, 1.251, 14.499, 1.499 ], "texture": "#texture" },
        "north": { "uv": [ 14.499, 1.251, 13.251, 1.499 ], "texture": "#texture" },
        "south": { "uv": [ 13.251, 1.251, 14.499, 1.499 ], "texture": "#texture" },
        "west":  { "uv": [ 13.251, 1.251, 13.499, 1.499 ], "texture": "#texture" },
        "east":  { "uv": [ 14.499, 1.251, 14.251, 1.499 ], "texture": "#texture" }
    }
},
{
    "__comment": "Magic_Bone x64",
    "from": [ 13.5, 14.75, 7.5 ],
    "to": [ 14.25, 15, 8.5 ],
    "faces": {
        "down":  { "uv": [ 13.501, 1.249, 14.249, 1.001 ], "texture": "#texture" },
        "up":    { "uv": [ 13.501, 1.001, 14.249, 1.249 ], "texture": "#texture" },
        "north": { "uv": [ 14.249, 1.001, 13.501, 1.249 ], "texture": "#texture" },
        "south": { "uv": [ 13.501, 1.001, 14.249, 1.249 ], "texture": "#texture" },
        "west":  { "uv": [ 13.501, 1.001, 13.749, 1.249 ], "texture": "#texture" },
        "east":  { "uv": [ 14.249, 1.001, 14.001, 1.249 ], "texture": "#texture" }
    }
},
{
    "__comment": "Magic_Bone x64",
    "from": [ 14.5, 13.75, 7.5 ],
    "to": [ 14.75, 14.5, 8.5 ],
    "faces": {
        "down":  { "uv": [ 14.501, 2.249, 14.749, 2.001 ], "texture": "#texture" },
        "up":    { "uv": [ 14.501, 1.501, 14.749, 1.749 ], "texture": "#texture" },
        "north": { "uv": [ 14.749, 1.501, 14.501, 2.249 ], "texture": "#texture" },
        "south": { "uv": [ 14.501, 1.501, 14.749, 2.249 ], "texture": "#texture" },
        "west":  { "uv": [ 14.501, 1.501, 14.749, 2.249 ], "texture": "#texture" },
        "east":  { "uv": [ 14.749, 1.501, 14.501, 2.249 ], "texture": "#texture" }
    }
}
],
"display": {
    "thirdperson_righthand": {
        "rotation": [ 6, 90, 30 ],
        "translation": [ 0, 1.13, 0.94 ],
        "scale": [ 2, 2, 1 ]
    },
    "thirdperson_lefthand": {
        "rotation": [ 12, 90, -70 ],
        "translation": [ 0, 1.12, 1.51 ],
        "scale": [ 2, 2, 1 ]
    },
    "head": {
        "rotation": [ 0, 0, 0 ],
        "translation": [ 0, 0, 0 ],
        "scale": [ 1, 1, 1 ]
    },
    "ground": {
        "rotation": [ 0, 0, -10 ],
        "translation": [ 17.57, 4, 0 ],
        "scale": [ 1, 1, 0.25 ]
    },
    "fixed": {
        "rotation": [ 0, 0, -40 ],
        "translation": [ 0, 0, 0 ],
        "scale": [ 2, 2, 1 ]
    },
    "firstperson_righthand": {
        "rotation": [ 0, 90, -1 ],
        "translation": [ 1.32, 2.46, 0 ],
        "scale": [ 1, 1, 0.5 ]
    },
    "firstperson_lefthand": {
        "rotation": [ 0, -90, 1 ],
        "translation": [ -1.32, 2.46, 0 ],
        "scale": [ 1, 1, 0.5 ]
    },
    "gui": {
        "rotation": [ 0, 0, 0 ],
        "translation": [ 0, 0, 0 ],
        "scale": [ 1, 1, 1 ]
    }
}
}