{
  "parent": "item/handheld",
  "textures": {
    "layer0": "items/bow_standby"
  },
    "display": {
        "thirdperson_righthand": {
            "rotation": [ -80, 260, -40 ],
            "translation": [ -1, -2, 2.5 ],
            "scale": [ 0.9, 0.9, 0.9 ]
        },
        "thirdperson_lefthand": {
            "rotation": [ -80, -280, 40 ],
            "translation": [ -1, -2, 2.5 ],
            "scale": [ 0.9, 0.9, 0.9 ]
        },
        "firstperson_righthand": {
            "rotation": [ 0, -90, 25 ],
            "translation": [ 1.13, 3.2, 1.13],
            "scale": [ 0.68, 0.68, 0.68 ]
        },
        "firstperson_lefthand": {
            "rotation": [ 0, 90, -25 ],
            "translation": [ 1.13, 3.2, 1.13],
            "scale": [ 0.68, 0.68, 0.68 ]
        }
  },
  "overrides": [
    { "predicate": {"damaged": 0, "damage": 0}, "model": "item/bow"},    
    { "predicate": {"damaged": 0, "damage": 0, "pulling": 1}, "model": "item/bow_pulling_0" },
    { "predicate": {"damaged": 0, "damage": 0 ,"pulling": 1, "pull": 0.65}, "model": "item/bow_pulling_1"},
    { "predicate": {"damaged": 0, "damage": 0 ,"pulling": 1, "pull": 0.9}, "model": "item/bow_pulling_2"},
    
    { "predicate": {"damaged": 0, "damage": 0.0025974025974025974}, "model": "item/custom/bow/Chicken_Bow/Chicken_Bow"},    
    { "predicate": {"damaged": 0, "damage": 0.0025974025974025974, "pulling": 1}, "model": "item/custom/bow/Chicken_Bow/Chicken_Bow_Pulling_0" },
    { "predicate": {"damaged": 0, "damage": 0.0025974025974025974 ,"pulling": 1, "pull": 0.65}, "model": "item/custom/bow/Chicken_Bow/Chicken_Bow_Pulling_1"},
    { "predicate": {"damaged": 0, "damage": 0.0025974025974025974 ,"pulling": 1, "pull": 0.9}, "model": "item/custom/bow/Chicken_Bow/Chicken_Bow_Pulling_2"},
    
    { "predicate": {"damaged": 0, "damage": 0.005194805194805195}, "model": "item/custom/bow/Chicken_Bow/Chicken_Bow"},
    { "predicate": {"damaged": 0, "damage": 0.005194805194805195, "pulling": 1}, "model": "item/custom/bow/Chicken_Bow/Chicken_Bow_Pulling_0" },
    { "predicate": {"damaged": 0, "damage": 0.005194805194805195 ,"pulling": 1, "pull": 0.65}, "model": "item/custom/bow/Chicken_Bow/Chicken_Bow_Pulling_1"},
    { "predicate": {"damaged": 0, "damage": 0.005194805194805195 ,"pulling": 1, "pull": 0.9}, "model": "item/custom/bow/Chicken_Bow/Chicken_Bow_Pulling_2"},
    
    { "predicate": {"damaged": 0, "damage": 0.007792207792207792}, "model": "item/custom/bow/Chicken_Bow/Chicken_Bow"},
    { "predicate": {"damaged": 0, "damage": 0.007792207792207792, "pulling": 1}, "model": "item/custom/bow/Chicken_Bow/Chicken_Bow_Pulling_0" },
    { "predicate": {"damaged": 0, "damage": 0.007792207792207792 ,"pulling": 1, "pull": 0.65}, "model": "item/custom/bow/Chicken_Bow/Chicken_Bow_Pulling_1"},
    { "predicate": {"damaged": 0, "damage": 0.007792207792207792 ,"pulling": 1, "pull": 0.9}, "model": "item/custom/bow/Chicken_Bow/Chicken_Bow_Pulling_2"},
    
    { "predicate": {"damaged": 0, "damage": 0.01038961038961039}, "model": "item/custom/bow/Super_Bow/Super_Bow"},
    { "predicate": {"damaged": 0, "damage": 0.01038961038961039, "pulling": 1}, "model": "item/custom/bow/Super_Bow/Super_Bow_Pulling_0" },
    { "predicate": {"damaged": 0, "damage": 0.01038961038961039 ,"pulling": 1, "pull": 0.15}, "model": "item/custom/bow/Super_Bow/Super_Bow_Pulling_1"},
    { "predicate": {"damaged": 0, "damage": 0.01038961038961039 ,"pulling": 1, "pull": 0.3}, "model": "item/custom/bow/Super_Bow/Super_Bow_Pulling_2"},
    { "predicate": {"damaged": 0, "damage": 0.01038961038961039 ,"pulling": 1, "pull": 0.45}, "model": "item/custom/bow/Super_Bow/Super_Bow_Pulling_3"},
    { "predicate": {"damaged": 0, "damage": 0.01038961038961039 ,"pulling": 1, "pull": 0.6}, "model": "item/custom/bow/Super_Bow/Super_Bow_Pulling_4"},
    { "predicate": {"damaged": 0, "damage": 0.01038961038961039 ,"pulling": 1, "pull": 0.75}, "model": "item/custom/bow/Super_Bow/Super_Bow_Pulling_5"},
    { "predicate": {"damaged": 0, "damage": 0.01038961038961039 ,"pulling": 1, "pull": 0.9}, "model": "item/custom/bow/Super_Bow/Super_Bow_Pulling_6"},
    
    { "predicate": {"damaged": 1}, "model": "item/bow"},    
    { "predicate": {"damaged": 1, "pulling": 1}, "model": "item/bow_pulling_0" },
    { "predicate": {"damaged": 1, "pulling": 1, "pull": 0.65}, "model": "item/bow_pulling_1"},
    { "predicate": {"damaged": 1, "pulling": 1, "pull": 0.9}, "model": "item/bow_pulling_2"}
  ]
}