{
  "parent": "item/handheld",
  "textures": {
    "layer0": "items/shears"
  },
  "overrides": [
	{ "predicate": {"damaged": 0, "damage": 0}, "model": "item/shears"},
	{ "predicate": {"damaged": 0, "damage": 0.0041841004184100415}, "model": "item/custom/icon/000"},
	{ "predicate": {"damaged": 0, "damage": 0.008368200836820083}, "model": "item/custom/icon/001"},
	{ "predicate": {"damaged": 0, "damage": 0.012552301255230124}, "model": "item/custom/icon/002"},
	{ "predicate": {"damaged": 0, "damage": 0.016736401673640166}, "model": "item/custom/icon/003"},
	{ "predicate": {"damaged": 0, "damage": 0.02092050209205021}, "model": "item/custom/icon/004"},
	{ "predicate": {"damaged": 0, "damage": 0.025104602510460247}, "model": "item/custom/icon/005"},
	{ "predicate": {"damaged": 0, "damage": 0.02928870292887029}, "model": "item/custom/icon/006"},
	{ "predicate": {"damaged": 0, "damage": 0.03347280334728033}, "model": "item/custom/icon/007"},
	{ "predicate": {"damaged": 0, "damage": 0.03765690376569037}, "model": "item/custom/icon/008"},
	{ "predicate": {"damaged": 0, "damage": 0.04184100418410042}, "model": "item/custom/icon/009"},
	{ "predicate": {"damaged": 0, "damage": 0.046025104602510455}, "model": "item/custom/icon/010"},
	{ "predicate": {"damaged": 0, "damage": 0.050209205020920494}, "model": "item/custom/icon/011"},
	{ "predicate": {"damaged": 0, "damage": 0.05439330543933054}, "model": "item/custom/icon/012"},
	{ "predicate": {"damaged": 0, "damage": 0.05857740585774058}, "model": "item/custom/icon/013"},
	{ "predicate": {"damaged": 0, "damage": 0.06276150627615062}, "model": "item/custom/icon/014"},
	{ "predicate": {"damaged": 0, "damage": 0.06694560669456066}, "model": "item/custom/icon/015"},
	{ "predicate": {"damaged": 0, "damage": 0.0711297071129707}, "model": "item/custom/icon/016"},
	{ "predicate": {"damaged": 0, "damage": 0.07531380753138074}, "model": "item/custom/icon/017"},
	{ "predicate": {"damaged": 0, "damage": 0.0794979079497908}, "model": "item/custom/icon/018"},
	{ "predicate": {"damaged": 0, "damage": 0.08368200836820083}, "model": "item/custom/icon/019"},
	{ "predicate": {"damaged": 0, "damage": 0.08786610878661087}, "model": "item/custom/icon/020"},
	{ "predicate": {"damaged": 1, "damage": 0}, "model": "item/shears"}
  ]
}