{
	"parent": "item/handheld",
	"textures": {
		"layer0": "item/shears"
	},
	"overrides": [
		{ "predicate": {"damaged": 0, "damage": 0}, "model": "item/shears"},
		{ "predicate": {"damaged": 0, "damage": 0.0041841004184100415}, "model": "item/custom/icon/000"},
		{ "predicate": {"damaged": 0, "damage": 0.008368200836820083}, "model": "item/custom/icon/001"},
		{ "predicate": {"damaged": 0, "damage": 0.012552301255230124}, "model": "item/custom/icon/002"},
		{ "predicate": {"damaged": 0, "damage": 0.016736401673640166}, "model": "item/custom/icon/003"},
		{ "predicate": {"damaged": 0, "damage": 0.02092050209205021}, "model": "item/custom/icon/004"},
		{ "predicate": {"damaged": 0, "damage": 0.025104602510460247}, "model": "item/custom/icon/005"},
		{ "predicate": {"damaged": 0, "damage": 0.02928870292887029}, "model": "item/custom/icon/006"},
		{ "predicate": {"damaged": 0, "damage": 0.03347280334728033}, "model": "item/custom/icon/007"},
		{ "predicate": {"damaged": 0, "damage": 0.03765690376569037}, "model": "item/custom/icon/008"},
		{ "predicate": {"damaged": 0, "damage": 0.04184100418410042}, "model": "item/custom/icon/009"},
		{ "predicate": {"damaged": 0, "damage": 0.046025104602510455}, "model": "item/custom/icon/010"},
		{ "predicate": {"damaged": 0, "damage": 0.050209205020920494}, "model": "item/custom/icon/011"},
		{ "predicate": {"damaged": 0, "damage": 0.05439330543933054}, "model": "item/custom/icon/012"},
		{ "predicate": {"damaged": 0, "damage": 0.05857740585774058}, "model": "item/custom/icon/013"},
		{ "predicate": {"damaged": 0, "damage": 0.06276150627615062}, "model": "item/custom/icon/014"},
		{ "predicate": {"damaged": 0, "damage": 0.06694560669456066}, "model": "item/custom/icon/015"},
		{ "predicate": {"damaged": 0, "damage": 0.0711297071129707}, "model": "item/custom/icon/016"},
		{ "predicate": {"damaged": 0, "damage": 0.07531380753138074}, "model": "item/custom/icon/017"},
		{ "predicate": {"damaged": 0, "damage": 0.0794979079497908}, "model": "item/custom/icon/018"},
		{ "predicate": {"damaged": 0, "damage": 0.08368200836820083}, "model": "item/custom/icon/019"},
		{ "predicate": {"damaged": 0, "damage": 0.08786610878661087}, "model": "item/custom/icon/020"},
		{ "predicate": {"damaged": 0, "damage": 0.09205020920502091}, "model": "item/custom/icon/021"},
		{ "predicate": {"damaged": 0, "damage": 0.09623430962343095}, "model": "item/custom/icon/022"},
		{ "predicate": {"damaged": 0, "damage": 0.10041841004184099}, "model": "item/custom/icon/023"},
		{ "predicate": {"damaged": 0, "damage": 0.10460251046025104}, "model": "item/custom/icon/024"},
		{ "predicate": {"damaged": 0, "damage": 0.10878661087866108}, "model": "item/custom/icon/025"},
		{ "predicate": {"damaged": 0, "damage": 0.11297071129707112}, "model": "item/custom/icon/026"},
		{ "predicate": {"damaged": 0, "damage": 0.11715481171548116}, "model": "item/custom/icon/027"},
		{ "predicate": {"damaged": 0, "damage": 0.1213389121338912}, "model": "item/custom/icon/028"},
		{ "predicate": {"damaged": 0, "damage": 0.12552301255230125}, "model": "item/custom/icon/029"},
		{ "predicate": {"damaged": 0, "damage": 0.12970711297071127}, "model": "item/custom/icon/030"},
		{ "predicate": {"damaged": 0, "damage": 0.13389121338912133}, "model": "item/custom/icon/031"},
		{ "predicate": {"damaged": 0, "damage": 0.13807531380753138}, "model": "item/custom/icon/032"},
		{ "predicate": {"damaged": 0, "damage": 0.1422594142259414}, "model": "item/custom/icon/033"},
		{ "predicate": {"damaged": 0, "damage": 0.14644351464435146}, "model": "item/custom/icon/034"},
		{ "predicate": {"damaged": 0, "damage": 0.15062761506276148}, "model": "item/custom/icon/035"},
		{ "predicate": {"damaged": 0, "damage": 0.15481171548117154}, "model": "item/custom/icon/036"},
		{ "predicate": {"damaged": 0, "damage": 0.1589958158995816}, "model": "item/custom/icon/037"},
		{ "predicate": {"damaged": 0, "damage": 0.1631799163179916}, "model": "item/custom/icon/038"},
		{ "predicate": {"damaged": 0, "damage": 0.16736401673640167}, "model": "item/custom/icon/039"},
		{ "predicate": {"damaged": 0, "damage": 0.1715481171548117}, "model": "item/custom/icon/040"},
		{ "predicate": {"damaged": 0, "damage": 0.17573221757322174}, "model": "item/custom/icon/041"},
		{ "predicate": {"damaged": 0, "damage": 0.1799163179916318}, "model": "item/custom/icon/042"},
		{ "predicate": {"damaged": 0, "damage": 0.18410041841004182}, "model": "item/custom/icon/043"},
		{ "predicate": {"damaged": 0, "damage": 0.18828451882845187}, "model": "item/custom/icon/044"},
		{ "predicate": {"damaged": 0, "damage": 0.1924686192468619}, "model": "item/custom/icon/045"},
		{ "predicate": {"damaged": 0, "damage": 0.19665271966527195}, "model": "item/custom/icon/046"},
		{ "predicate": {"damaged": 0, "damage": 0.20083682008368198}, "model": "item/custom/icon/047"},
		{ "predicate": {"damaged": 0, "damage": 0.20502092050209203}, "model": "item/custom/icon/048"},
		{ "predicate": {"damaged": 0, "damage": 0.20920502092050208}, "model": "item/custom/icon/049"},
		{ "predicate": {"damaged": 0, "damage": 0.2133891213389121}, "model": "item/custom/icon/050"},
		{ "predicate": {"damaged": 0, "damage": 0.21757322175732216}, "model": "item/custom/icon/051"},
		{ "predicate": {"damaged": 0, "damage": 0.22175732217573219}, "model": "item/custom/icon/052"},
		{ "predicate": {"damaged": 0, "damage": 0.22594142259414224}, "model": "item/custom/icon/053"},
		{ "predicate": {"damaged": 0, "damage": 0.2301255230125523}, "model": "item/custom/icon/054"},
		{ "predicate": {"damaged": 0, "damage": 0.23430962343096232}, "model": "item/custom/icon/055"},
		{ "predicate": {"damaged": 0, "damage": 0.23849372384937237}, "model": "item/custom/icon/056"},
		{ "predicate": {"damaged": 0, "damage": 0.2426778242677824}, "model": "item/custom/icon/057"},
		{ "predicate": {"damaged": 0, "damage": 0.24686192468619245}, "model": "item/custom/icon/058"},
		{ "predicate": {"damaged": 0, "damage": 0.2510460251046025}, "model": "item/custom/icon/059"},
		{ "predicate": {"damaged": 0, "damage": 0.25523012552301255}, "model": "item/custom/icon/060"},
		{ "predicate": {"damaged": 0, "damage": 0.25941422594142255}, "model": "item/custom/icon/061"},
		{ "predicate": {"damaged": 0, "damage": 0.2635983263598326}, "model": "item/custom/icon/062"},
		{ "predicate": {"damaged": 0, "damage": 0.26778242677824265}, "model": "item/custom/icon/063"},
		{ "predicate": {"damaged": 0, "damage": 0.2719665271966527}, "model": "item/custom/icon/064"},
		{ "predicate": {"damaged": 0, "damage": 0.27615062761506276}, "model": "item/custom/icon/065"},
		{ "predicate": {"damaged": 0, "damage": 0.28033472803347276}, "model": "item/custom/icon/066"},
		{ "predicate": {"damaged": 0, "damage": 0.2845188284518828}, "model": "item/custom/icon/067"},
		{ "predicate": {"damaged": 0, "damage": 0.28870292887029286}, "model": "item/custom/icon/068"},
		{ "predicate": {"damaged": 0, "damage": 0.2928870292887029}, "model": "item/custom/icon/069"},
		{ "predicate": {"damaged": 0, "damage": 0.29707112970711297}, "model": "item/custom/icon/070"},
		{ "predicate": {"damaged": 0, "damage": 0.30125523012552297}, "model": "item/custom/icon/071"},
		{ "predicate": {"damaged": 0, "damage": 0.305439330543933}, "model": "item/custom/icon/072"},
		{ "predicate": {"damaged": 0, "damage": 0.30962343096234307}, "model": "item/custom/icon/073"},
		{ "predicate": {"damaged": 0, "damage": 0.3138075313807531}, "model": "item/custom/icon/074"},
		{ "predicate": {"damaged": 0, "damage": 0.3179916317991632}, "model": "item/custom/icon/075"},
		{ "predicate": {"damaged": 0, "damage": 0.3221757322175732}, "model": "item/custom/icon/076"},
		{ "predicate": {"damaged": 0, "damage": 0.3263598326359832}, "model": "item/custom/icon/077"},
		{ "predicate": {"damaged": 0, "damage": 0.3305439330543933}, "model": "item/custom/icon/078"},
		{ "predicate": {"damaged": 0, "damage": 0.33472803347280333}, "model": "item/custom/icon/079"},
		{ "predicate": {"damaged": 0, "damage": 0.3389121338912134}, "model": "item/custom/icon/080"},
		{ "predicate": {"damaged": 0, "damage": 0.3430962343096234}, "model": "item/custom/icon/081"},
		{ "predicate": {"damaged": 0, "damage": 0.34728033472803344}, "model": "item/custom/icon/082"},
		{ "predicate": {"damaged": 0, "damage": 0.3514644351464435}, "model": "item/custom/icon/083"},
		{ "predicate": {"damaged": 0, "damage": 0.35564853556485354}, "model": "item/custom/icon/084"},
		{ "predicate": {"damaged": 0, "damage": 0.3598326359832636}, "model": "item/custom/icon/085"},
		{ "predicate": {"damaged": 0, "damage": 0.3640167364016736}, "model": "item/custom/icon/086"},
		{ "predicate": {"damaged": 0, "damage": 0.36820083682008364}, "model": "item/custom/icon/087"},
		{ "predicate": {"damaged": 0, "damage": 0.3723849372384937}, "model": "item/custom/icon/088"},
		{ "predicate": {"damaged": 0, "damage": 0.37656903765690375}, "model": "item/custom/icon/089"},
		{ "predicate": {"damaged": 0, "damage": 0.3807531380753138}, "model": "item/custom/icon/090"},
		{ "predicate": {"damaged": 0, "damage": 0.3849372384937238}, "model": "item/custom/icon/091"},
		{ "predicate": {"damaged": 0, "damage": 0.38912133891213385}, "model": "item/custom/icon/092"},
		{ "predicate": {"damaged": 0, "damage": 0.3933054393305439}, "model": "item/custom/icon/093"},
		{ "predicate": {"damaged": 0, "damage": 0.39748953974895396}, "model": "item/custom/icon/094"},
		{ "predicate": {"damaged": 0, "damage": 0.40167364016736395}, "model": "item/custom/icon/095"},
		{ "predicate": {"damaged": 0, "damage": 0.405857740585774}, "model": "item/custom/icon/096"},
		{ "predicate": {"damaged": 0, "damage": 0.41004184100418406}, "model": "item/custom/icon/097"},
		{ "predicate": {"damaged": 0, "damage": 0.4142259414225941}, "model": "item/custom/icon/098"},
		{ "predicate": {"damaged": 0, "damage": 0.41841004184100417}, "model": "item/custom/icon/099"},
		{ "predicate": {"damaged": 0, "damage": 0.42259414225941416}, "model": "item/custom/icon/100"},
		{ "predicate": {"damaged": 0, "damage": 0.4267782426778242}, "model": "item/custom/icon/101"},
		{ "predicate": {"damaged": 0, "damage": 0.43096234309623427}, "model": "item/custom/icon/102"},
		{ "predicate": {"damaged": 0, "damage": 0.4351464435146443}, "model": "item/custom/icon/103"},
		{ "predicate": {"damaged": 0, "damage": 0.4393305439330544}, "model": "item/custom/icon/104"},
		{ "predicate": {"damaged": 0, "damage": 0.44351464435146437}, "model": "item/custom/icon/105"},
		{ "predicate": {"damaged": 0, "damage": 0.4476987447698744}, "model": "item/custom/icon/106"},
		{ "predicate": {"damaged": 0, "damage": 0.4518828451882845}, "model": "item/custom/icon/107"},
		{ "predicate": {"damaged": 0, "damage": 0.45606694560669453}, "model": "item/custom/icon/108"},
		{ "predicate": {"damaged": 0, "damage": 0.4602510460251046}, "model": "item/custom/icon/109"},
		{ "predicate": {"damaged": 0, "damage": 0.4644351464435146}, "model": "item/custom/icon/110"},
		{ "predicate": {"damaged": 0, "damage": 0.46861924686192463}, "model": "item/custom/icon/111"},
		{ "predicate": {"damaged": 0, "damage": 0.4728033472803347}, "model": "item/custom/icon/112"},
		{ "predicate": {"damaged": 0, "damage": 0.47698744769874474}, "model": "item/custom/icon/113"},
		{ "predicate": {"damaged": 0, "damage": 0.4811715481171548}, "model": "item/custom/icon/114"},
		{ "predicate": {"damaged": 0, "damage": 0.4853556485355648}, "model": "item/custom/icon/115"},
		{ "predicate": {"damaged": 0, "damage": 0.48953974895397484}, "model": "item/custom/icon/116"},
		{ "predicate": {"damaged": 0, "damage": 0.4937238493723849}, "model": "item/custom/icon/117"},
		{ "predicate": {"damaged": 0, "damage": 0.49790794979079495}, "model": "item/custom/icon/118"},
		{ "predicate": {"damaged": 0, "damage": 0.502092050209205}, "model": "item/custom/icon/119"},
		{ "predicate": {"damaged": 0, "damage": 0.506276150627615}, "model": "item/custom/icon/120"},
		{ "predicate": {"damaged": 0, "damage": 0.5104602510460251}, "model": "item/custom/icon/121"},
		{ "predicate": {"damaged": 0, "damage": 0.5146443514644351}, "model": "item/custom/icon/122"},
		{ "predicate": {"damaged": 0, "damage": 0.5188284518828451}, "model": "item/custom/icon/123"},
		{ "predicate": {"damaged": 0, "damage": 0.5230125523012552}, "model": "item/custom/icon/124"},
		{ "predicate": {"damaged": 0, "damage": 0.5271966527196652}, "model": "item/custom/icon/125"},
		{ "predicate": {"damaged": 0, "damage": 0.5313807531380753}, "model": "item/custom/icon/126"},
		{ "predicate": {"damaged": 0, "damage": 0.5355648535564853}, "model": "item/custom/icon/127"},
		{ "predicate": {"damaged": 0, "damage": 0.5397489539748953}, "model": "item/custom/icon/128"},
		{ "predicate": {"damaged": 0, "damage": 0.5439330543933054}, "model": "item/custom/icon/129"},
		{ "predicate": {"damaged": 0, "damage": 0.5481171548117154}, "model": "item/custom/icon/130"},
		{ "predicate": {"damaged": 0, "damage": 0.5523012552301255}, "model": "item/custom/icon/131"},
		{ "predicate": {"damaged": 0, "damage": 0.5564853556485355}, "model": "item/custom/icon/132"},
		{ "predicate": {"damaged": 0, "damage": 0.5606694560669455}, "model": "item/custom/icon/133"},
		{ "predicate": {"damaged": 0, "damage": 0.5648535564853556}, "model": "item/custom/icon/134"},
		{ "predicate": {"damaged": 0, "damage": 0.5690376569037656}, "model": "item/custom/icon/135"},
		{ "predicate": {"damaged": 0, "damage": 0.5732217573221757}, "model": "item/custom/icon/136"},
		{ "predicate": {"damaged": 0, "damage": 0.5774058577405857}, "model": "item/custom/icon/137"},
		{ "predicate": {"damaged": 0, "damage": 0.5815899581589957}, "model": "item/custom/icon/138"},
		{ "predicate": {"damaged": 0, "damage": 0.5857740585774058}, "model": "item/custom/icon/139"},
		{ "predicate": {"damaged": 0, "damage": 0.5899581589958158}, "model": "item/custom/icon/140"},
		{ "predicate": {"damaged": 0, "damage": 0.5941422594142259}, "model": "item/custom/icon/141"},
		{ "predicate": {"damaged": 0, "damage": 0.5983263598326359}, "model": "item/custom/icon/142"},
		{ "predicate": {"damaged": 0, "damage": 0.6025104602510459}, "model": "item/custom/icon/143"},
		{ "predicate": {"damaged": 0, "damage": 0.606694560669456}, "model": "item/custom/icon/144"},
		{ "predicate": {"damaged": 0, "damage": 0.610878661087866}, "model": "item/custom/icon/145"},
		{ "predicate": {"damaged": 0, "damage": 0.6150627615062761}, "model": "item/custom/icon/146"},
		{ "predicate": {"damaged": 0, "damage": 0.6192468619246861}, "model": "item/custom/icon/147"},
		{ "predicate": {"damaged": 0, "damage": 0.6234309623430961}, "model": "item/custom/icon/148"},
		{ "predicate": {"damaged": 0, "damage": 0.6276150627615062}, "model": "item/custom/icon/149"},
		{ "predicate": {"damaged": 0, "damage": 0.6317991631799162}, "model": "item/custom/icon/150"},
		{ "predicate": {"damaged": 0, "damage": 0.6359832635983264}, "model": "item/custom/icon/151"},
		{ "predicate": {"damaged": 0, "damage": 0.6401673640167364}, "model": "item/custom/icon/152"},
		{ "predicate": {"damaged": 0, "damage": 0.6443514644351463}, "model": "item/custom/icon/153"},
		{ "predicate": {"damaged": 0, "damage": 0.6485355648535565}, "model": "item/custom/icon/154"},
		{ "predicate": {"damaged": 0, "damage": 0.6527196652719665}, "model": "item/custom/icon/155"},
		{ "predicate": {"damaged": 0, "damage": 0.6569037656903766}, "model": "item/custom/icon/156"},
		{ "predicate": {"damaged": 0, "damage": 0.6610878661087866}, "model": "item/custom/icon/157"},
		{ "predicate": {"damaged": 0, "damage": 0.6652719665271966}, "model": "item/custom/icon/158"},
		{ "predicate": {"damaged": 0, "damage": 0.6694560669456067}, "model": "item/custom/icon/159"},
		{ "predicate": {"damaged": 0, "damage": 0.6736401673640167}, "model": "item/custom/icon/160"},
		{ "predicate": {"damaged": 0, "damage": 0.6778242677824268}, "model": "item/custom/icon/161"},
		{ "predicate": {"damaged": 0, "damage": 0.6820083682008368}, "model": "item/custom/icon/162"},
		{ "predicate": {"damaged": 0, "damage": 0.6861924686192468}, "model": "item/custom/icon/163"},
		{ "predicate": {"damaged": 0, "damage": 0.6903765690376569}, "model": "item/custom/icon/164"},
		{ "predicate": {"damaged": 0, "damage": 0.6945606694560669}, "model": "item/custom/icon/165"},
		{ "predicate": {"damaged": 0, "damage": 0.698744769874477}, "model": "item/custom/icon/166"},
		{ "predicate": {"damaged": 0, "damage": 0.702928870292887}, "model": "item/custom/icon/167"},
		{ "predicate": {"damaged": 0, "damage": 0.707112970711297}, "model": "item/custom/icon/168"},
		{ "predicate": {"damaged": 0, "damage": 0.7112970711297071}, "model": "item/custom/icon/169"},
		{ "predicate": {"damaged": 0, "damage": 0.7154811715481171}, "model": "item/custom/icon/170"},
		{ "predicate": {"damaged": 0, "damage": 0.7196652719665272}, "model": "item/custom/icon/171"},
		{ "predicate": {"damaged": 0, "damage": 0.7238493723849372}, "model": "item/custom/icon/172"},
		{ "predicate": {"damaged": 0, "damage": 0.7280334728033472}, "model": "item/custom/icon/173"},
		{ "predicate": {"damaged": 0, "damage": 0.7322175732217573}, "model": "item/custom/icon/174"},
		{ "predicate": {"damaged": 0, "damage": 0.7364016736401673}, "model": "item/custom/icon/175"},
		{ "predicate": {"damaged": 0, "damage": 0.7405857740585774}, "model": "item/custom/icon/176"},
		{ "predicate": {"damaged": 0, "damage": 0.7447698744769874}, "model": "item/custom/icon/177"},
		{ "predicate": {"damaged": 0, "damage": 0.7489539748953974}, "model": "item/custom/icon/178"},
		{ "predicate": {"damaged": 0, "damage": 0.7531380753138075}, "model": "item/custom/icon/179"},
		{ "predicate": {"damaged": 0, "damage": 0.7573221757322175}, "model": "item/custom/icon/180"},
		{ "predicate": {"damaged": 0, "damage": 0.7615062761506276}, "model": "item/custom/icon/181"},
		{ "predicate": {"damaged": 0, "damage": 0.7656903765690376}, "model": "item/custom/icon/182"},
		{ "predicate": {"damaged": 0, "damage": 0.7698744769874476}, "model": "item/custom/icon/183"},
		{ "predicate": {"damaged": 0, "damage": 0.7740585774058577}, "model": "item/custom/icon/184"},
		{ "predicate": {"damaged": 0, "damage": 0.7782426778242677}, "model": "item/custom/icon/185"},
		{ "predicate": {"damaged": 0, "damage": 0.7824267782426778}, "model": "item/custom/icon/186"},
		{ "predicate": {"damaged": 0, "damage": 0.7866108786610878}, "model": "item/custom/icon/187"},
		{ "predicate": {"damaged": 0, "damage": 0.7907949790794978}, "model": "item/custom/icon/188"},
		{ "predicate": {"damaged": 0, "damage": 0.7949790794979079}, "model": "item/custom/icon/189"},
		{ "predicate": {"damaged": 0, "damage": 0.7991631799163179}, "model": "item/custom/icon/190"},
		{ "predicate": {"damaged": 0, "damage": 0.8033472803347279}, "model": "item/custom/icon/191"},
		{ "predicate": {"damaged": 0, "damage": 0.807531380753138}, "model": "item/custom/icon/192"},
		{ "predicate": {"damaged": 0, "damage": 0.811715481171548}, "model": "item/custom/icon/193"},
		{ "predicate": {"damaged": 0, "damage": 0.8158995815899581}, "model": "item/custom/icon/194"},
		{ "predicate": {"damaged": 0, "damage": 0.8200836820083681}, "model": "item/custom/icon/195"},
		{ "predicate": {"damaged": 0, "damage": 0.8242677824267781}, "model": "item/custom/icon/196"},
		{ "predicate": {"damaged": 0, "damage": 0.8284518828451882}, "model": "item/custom/icon/197"},
		{ "predicate": {"damaged": 0, "damage": 0.8326359832635982}, "model": "item/custom/icon/198"},
		{ "predicate": {"damaged": 0, "damage": 0.8368200836820083}, "model": "item/custom/icon/199"},
		{ "predicate": {"damaged": 0, "damage": 0.8410041841004183}, "model": "item/custom/icon/200"},
		{ "predicate": {"damaged": 0, "damage": 0.8451882845188283}, "model": "item/custom/icon/201"},
		{ "predicate": {"damaged": 0, "damage": 0.8493723849372384}, "model": "item/custom/icon/202"},
		{ "predicate": {"damaged": 0, "damage": 0.8535564853556484}, "model": "item/custom/icon/203"},
		{ "predicate": {"damaged": 0, "damage": 0.8577405857740585}, "model": "item/custom/icon/204"},
		{ "predicate": {"damaged": 0, "damage": 0.8619246861924685}, "model": "item/custom/icon/205"},
		{ "predicate": {"damaged": 0, "damage": 0.8661087866108785}, "model": "item/custom/icon/206"},
		{ "predicate": {"damaged": 0, "damage": 0.8702928870292886}, "model": "item/custom/icon/207"},
		{ "predicate": {"damaged": 0, "damage": 0.8744769874476986}, "model": "item/custom/icon/208"},
		{ "predicate": {"damaged": 0, "damage": 0.8786610878661087}, "model": "item/custom/icon/209"},
		{ "predicate": {"damaged": 0, "damage": 0.8828451882845187}, "model": "item/custom/icon/210"},
		{ "predicate": {"damaged": 0, "damage": 0.8870292887029287}, "model": "item/custom/icon/211"},
		{ "predicate": {"damaged": 0, "damage": 0.8912133891213389}, "model": "item/custom/icon/212"},
		{ "predicate": {"damaged": 0, "damage": 0.8953974895397488}, "model": "item/custom/icon/213"},
		{ "predicate": {"damaged": 0, "damage": 0.899581589958159}, "model": "item/custom/icon/214"},
		{ "predicate": {"damaged": 0, "damage": 0.903765690376569}, "model": "item/custom/icon/215"},
		{ "predicate": {"damaged": 0, "damage": 0.907949790794979}, "model": "item/custom/icon/216"},
		{ "predicate": {"damaged": 0, "damage": 0.9121338912133891}, "model": "item/custom/icon/217"},
		{ "predicate": {"damaged": 0, "damage": 0.9163179916317991}, "model": "item/custom/icon/218"},
		{ "predicate": {"damaged": 0, "damage": 0.9205020920502092}, "model": "item/custom/icon/219"},
		{ "predicate": {"damaged": 0, "damage": 0.9246861924686192}, "model": "item/custom/icon/220"},
		{ "predicate": {"damaged": 0, "damage": 0.9288702928870292}, "model": "item/custom/icon/221"},
		{ "predicate": {"damaged": 0, "damage": 0.9330543933054393}, "model": "item/custom/icon/222"},
		{ "predicate": {"damaged": 0, "damage": 0.9372384937238493}, "model": "item/custom/icon/223"},
		{ "predicate": {"damaged": 0, "damage": 0.9414225941422594}, "model": "item/custom/icon/224"},
		{ "predicate": {"damaged": 0, "damage": 0.9456066945606694}, "model": "item/custom/icon/225"},
		{ "predicate": {"damaged": 0, "damage": 0.9497907949790794}, "model": "item/custom/icon/226"},
		{ "predicate": {"damaged": 0, "damage": 0.9539748953974895}, "model": "item/custom/icon/227"},
		{ "predicate": {"damaged": 0, "damage": 0.9581589958158995}, "model": "item/custom/icon/228"},
		{ "predicate": {"damaged": 0, "damage": 0.9623430962343096}, "model": "item/custom/icon/229"},
		{ "predicate": {"damaged": 0, "damage": 0.9665271966527196}, "model": "item/custom/icon/230"},
		{ "predicate": {"damaged": 0, "damage": 0.9707112970711296}, "model": "item/custom/icon/231"},
		{ "predicate": {"damaged": 0, "damage": 0.9748953974895397}, "model": "item/custom/icon/232"},
		{ "predicate": {"damaged": 0, "damage": 0.9790794979079497}, "model": "item/custom/icon/233"},
		{ "predicate": {"damaged": 0, "damage": 0.9832635983263598}, "model": "item/custom/icon/234"},
		{ "predicate": {"damaged": 0, "damage": 0.9874476987447698}, "model": "item/custom/icon/235"},
		{ "predicate": {"damaged": 0, "damage": 0.9916317991631798}, "model": "item/custom/icon/236"},
		{ "predicate": {"damaged": 0, "damage": 0.9958158995815899}, "model": "item/custom/icon/237"},
		{ "predicate": {"damaged": 1, "damage": 0}, "model": "item/shears"}
	]
}