{
  "parent": "item/handheld",
  "textures": {
    "layer0": "items/wood_hoe"
  },
  "overrides": [
    {"predicate": {"damaged": 0, "damage": 0.01666666666667}, "model": "item/custom/wooden_hoe/Light_Sword"},
    { "predicate": {"damaged": 0, "damage": 0.03333333333333333}, "model": "item/custom/wooden_hoe/Light_Sword"},
	{ "predicate": {"damaged": 0, "damage": 0.05}, "model": "item/custom/wooden_hoe/Light_Sword"},
	{ "predicate": {"damaged": 0, "damage": 0.06666666666666667}, "model": "item/custom/wooden_hoe/Light_Sword"},
	{ "predicate": {"damaged": 0, "damage": 0.08333333333333333}, "model": "item/custom/wooden_hoe/Light_Sword"},
	{ "predicate": {"damaged": 0, "damage": 0.1}, "model": "item/custom/wooden_hoe/Light_Sword"}
  ]
}