{
  "parent": "item/generated",
  "textures": {
    "layer0": "item/bow_standby"
  },
  "overrides": [
    { "predicate": {"damaged": 0, "damage": 0}, "model": "item/custom/bow_standby/Chicken_Bow"},
    { "predicate": {"damaged": 0, "damage": 0.0025974025974025974}, "model": "item/custom/bow_standby/Chicken_Bow"},
    { "predicate": {"damaged": 0, "damage": 0.005194805194805195}, "model": "item/custom/bow_standby/Chicken_Bow"},
    { "predicate": {"damaged": 0, "damage": 0.007792207792207792}, "model": "item/custom/bow_standby/Chicken_Bow"},
    { "predicate": {"damaged": 0, "damage": 0.01038961038961039}, "model": "item/custom/bow_standby/Chicken_Bow"}
  ]
}