{
  "wei.stop": {
    "category": "record",
    "sounds": [{
      "name": "Stop",
	  "stream": true
    }]
  },
  "wei.talk.server": {
    "category": "weather",
    "sounds": [{
      "name": "Server/SERVER",
	  "stream": true
    }]
  },
  "wei.talk.server2": {
    "category": "record",
    "sounds": [{
      "name": "Server/SERVER_2",
	  "stream": true
    }]
  },
  "wei.item.reload": {
    "category": "record",
    "sounds": [{
      "name": "Item/Reload",
	  "stream": true
    }]
  },
  "wei.mon.sata.king.death01": {
    "category": "record",
    "sounds": [{
      "name": "Monster/Sata/SataKing/Death01",
	  "stream": true
    }]
  },
  "wei.mon.sata.king.magic": {
    "category": "record",
    "sounds": [{
      "name": "Monster/Sata/SataKing/RanMagic",
	  "stream": true
    }]
  },
    "wei.mon.sata.king.roan": {
    "category": "record",
    "sounds": [{
      "name": "Monster/Sata/SataKing/Roan",
	  "stream": true
    }]
  },
  "wei.mon.sata.king.shout01": {
    "category": "record",
    "sounds": [{
      "name": "Monster/Sata/SataKing/Shout01",
	  "stream": true
    }]
  },
  "wei.mon.sata.king.dontcloseme": {
    "category": "record",
    "sounds": [{
      "name": "Monster/Sata/SataKing/DontCloseMe",
	  "stream": true
    }]
  },
  "wei.mon.sata.king.go": {
    "category": "record",
    "sounds": [{
      "name": "Monster/Sata/SataKing/Go",
	  "stream": true
    }]
  },
  "wei.mon.sata.king.gooutmyarea": {
    "category": "record",
    "sounds": [{
      "name": "Monster/Sata/SataKing/GoOutMyArea",
	  "stream": true
    }]
  },
  "wei.mon.sata.king.lettheyaway": {
    "category": "record",
    "sounds": [{
      "name": "Monster/Sata/SataKing/LetTheyAway",
	  "stream": true
    }]
  },
  "wei.mon.sata.king.no": {
    "category": "record",
    "sounds": [{
      "name": "Monster/Sata/SataKing/No",
	  "stream": true
    }]
  },
  "wei.bgm.airf": {
    "category": "record",
    "sounds": [{
      "name": "AreaBGM/airf",
	  "stream": true
    }]
  },
  "wei.bgm.bugs": {
    "category": "record",
    "sounds": [{
      "name": "AreaBGM/BugsFunyDance",
	  "stream": true
    }]
  },
  "wei.bgm.evo": {
    "category": "record",
    "sounds": [{
      "name": "AreaBGM/evolution",
	  "stream": true
    }]
  },
  "wei.bgm.getover": {
    "category": "record",
    "sounds": [{
      "name": "AreaBGM/GetOver",
	  "stream": true
    }]
  },
  "wei.bgm.lake": {
    "category": "record",
    "sounds": [{
      "name": "AreaBGM/InTheLakeSide",
	  "stream": true
    }]
  },
  "wei.bgm.maf": {
    "category": "record",
    "sounds": [{
      "name": "AreaBGM/maf",
	  "stream": true
    }]
  },
  "wei.bgm.castle_01": {
    "category": "record",
    "sounds": [{
      "name": "AreaBGM/Castle01",
	  "stream": true
    }]
  },
  "wei.bgm.castle_02": {
    "category": "record",
    "sounds": [{
      "name": "AreaBGM/Castle02",
	  "stream": true
    }]
  },
  "wei.bgm.medley_01": {
    "category": "record",
    "sounds": [{
      "name": "AreaBGM/Medley01",
	  "stream": true
    }]
  },
  "wei.bgm.medley_02": {
    "category": "record",
    "sounds": [{
      "name": "AreaBGM/Medley02",
	  "stream": true
    }]
  },
  "wei.bgm.town_01": {
    "category": "record",
    "sounds": [{
      "name": "AreaBGM/Town01",
	  "stream": true
    }]
  },
  "wei.bgm.ruin": {
    "category": "record",
    "sounds": [{
      "name": "AreaBGM/Ruins_of_Harmony",
	  "stream": true
    }]
  },
  "wei.bgm.As_We_Go": {
    "category": "record",
    "sounds": [{
      "name": "AreaBGM/As_We_Go",
	  "stream": true
    }]
  },
  "wei.bgm.Dutty": {
    "category": "record",
    "sounds": [{
      "name": "AreaBGM/Dutty",
	  "stream": true
    }]
  },
  "wei.bgm.Jay_Jay": {
    "category": "record",
    "sounds": [{
      "name": "AreaBGM/Jay_Jay",
	  "stream": true
    }]
  },
  "wei.bgm.Passing_Time": {
    "category": "record",
    "sounds": [{
      "name": "AreaBGM/Passing_Time",
	  "stream": true
    }]
  },
  "wei.bgm.Saddest_Beach": {
    "category": "record",
    "sounds": [{
      "name": "AreaBGM/Saddest_Beach",
	  "stream": true
    }]
  },
  "wei.bgm.Side_Path": {
    "category": "record",
    "sounds": [{
      "name": "AreaBGM/Side_Path",
	  "stream": true
    }]
  },
  "wei.bgm.Tidal_Wave": {
    "category": "record",
    "sounds": [{
      "name": "AreaBGM/Tidal_Wave",
	  "stream": true
    }]
  },
  "wei.bgm.Zoom": {
    "category": "record",
    "sounds": [{
      "name": "AreaBGM/Zoom",
	  "stream": true
    }]
  }
}