{
  "wei.stop": {
    "停止音樂"
    "category": "record",
    "sounds": [{
      "name": "stop",
      "stream" : true
    }]
  },
  "wei.mon.sata.king.death01": {
    "薩塔王死亡"
    "category": "record",
    "sounds": [{
      "name": "Monster/Sata/SataKing/Death01",
      "stream" : true
    }]
  },
  "wei.mon.sata.king.magic": {
    "category" : "record",
    "sounds" : [
      {
        "name" : "Monster/Sata/SataKing/RanMagic",
        "stream" : true
      }
    ]
  },
  "wei.mon.sata.king.roan": {
    "category" : "record",
    "sounds" : [
      {
        "name" : "Monster/Sata/SataKing/Roan",
        "stream" : true
      }
    ]
  },
  "wei.bgm.ruins": {
    "category" : "record",
    "sounds" : [
      {
        "name" : "AreaBGM/Ruins_of_Harmony",
        "stream" : true
      }
    ]
  },
}