{
  "wei.stop": {
    "category": "record",
    "sounds": [{
      "name": "Stop",
	  "stream": true
    }]
  },
  "wei.mon.sata.king.death01": {
    "category": "record",
    "sounds": [{
      "name": "Monster/Sata/SataKing/Death01",
	  "stream": true
    }]
  },
  "wei.mon.sata.king.magic": {
    "category": "record",
    "sounds": [{
      "name": "Monster/Sata/SataKing/RanMagic",
	  "stream": true
    }]
  },
    "wei.mon.sata.king.roan": {
    "category": "record",
    "sounds": [{
      "name": "Monster/Sata/SataKing/Roan",
	  "stream": true
    }]
  },
  "wei.mon.sata.king.shout01": {
    "category": "record",
    "sounds": [{
      "name": "Monster/Sata/SataKing/Shout01",
	  "stream": true
    }]
  },
  "wei.bgm.ruin": {
    "category": "record",
    "sounds": [{
      "name": "AreaBGM/Ruins_of_Harmony",
	  "stream": true
    }]
  }
}