{
    "wei.cus.gch": {
        "category" : "record",
        "sounds" : [
            {
                 "name" : "weiserver/cus/gch",
                 "stream" : true
            }
        ]
    },
    "wei.skills.bat01": {
        "category" : "record",
        "sounds" : [
            {
                 "name" : "weiserver/skills/Bat01",
                 "stream" : true
            }
        ]
    },
    "wei.skills.bat02": {
        "category" : "record",
        "sounds" : [
            {
                 "name" : "weiserver/skills/Bat02",
                 "stream" : true
            }
        ]
    },
    "wei.skills.wk01": {
        "category" : "record",
        "sounds" : [
            {
                 "name" : "weiserver/skills/Wk01",
                 "stream" : true
            }
        ]
    },
    "wei.skills.wk02": {
        "category" : "record",
        "sounds" : [
            {
                 "name" : "weiserver/skills/Wk02",
                 "stream" : true
            }
        ]
    },
    "wei.skills.wk03": {
        "category" : "record",
        "sounds" : [
            {
                 "name" : "weiserver/skills/Wk03",
                 "stream" : true
            }
        ]
    },
    "wei.skills.tom01": {
        "category" : "record",
        "sounds" : [
            {
                 "name" : "weiserver/skills/Tom01",
                 "stream" : true
            }
        ]
    },
    "wei.skills.dragon01": {
        "category" : "record",
        "sounds" : [
            {
                 "name" : "weiserver/skills/Dragon01",
                 "stream" : true
            }
        ]
    },
    "wei.skills.dragon02": {
        "category" : "record",
        "sounds" : [
            {
                 "name" : "weiserver/skills/Dragon02",
                 "stream" : true
            }
        ]
    },
    "wei.skills.fire01": {
        "category" : "record",
        "sounds" : [
            {
                 "name" : "weiserver/skills/Fire01",
                 "stream" : true
            }
        ]
    },
    "wei.skills.fire02": {
        "category" : "record",
        "sounds" : [
            {
                 "name" : "weiserver/skills/Fire02",
                 "stream" : true
            }
        ]
    },
    "wei.skills.shout01": {
        "category" : "record",
        "sounds" : [
            {
                 "name" : "weiserver/skills/Shout01",
                 "stream" : true
            }
        ]
    },
    "wei.skills.shout02": {
        "category" : "record",
        "sounds" : [
            {
                 "name" : "weiserver/skills/Shout02",
                 "stream" : true
            }
        ]
    },
    "wei.skills.shout03": {
        "category" : "record",
        "sounds" : [
            {
                 "name" : "weiserver/skills/Shout03",
                 "stream" : true
            }
        ]
    },
    "wei.skills.skeleton": {
        "category" : "record",
        "sounds" : [
            {
                 "name" : "weiserver/skills/Skeleton",
                 "stream" : true
            }
        ]
    },
    "wei.skills.skills01": {
        "category" : "record",
        "sounds" : [
            {
                 "name" : "weiserver/skills/Skills01",
                 "stream" : true
            }
        ]
    },
    "wei.skills.skills02": {
        "category" : "record",
        "sounds" : [
            {
                 "name" : "weiserver/skills/Skills02",
                 "stream" : true
            }
        ]
    },
    "wei.map.kd01": {
        "category" : "record",
        "sounds" : [
            {
                 "name" : "weiserver/Map/Kd01",
                 "stream" : true
            }
        ]
    },
    "wei.map.kd02": {
        "category" : "record",
        "sounds" : [
            {
                 "name" : "weiserver/Map/Kd02",
                 "stream" : true
            }
        ]
    },
    "wei.map.shout01": {
        "category" : "record",
        "sounds" : [
            {
                 "name" : "weiserver/Map/Shout01",
                 "stream" : true
            }
        ]
    },
    "wei.map.shout02": {
        "category" : "record",
        "sounds" : [
            {
                 "name" : "weiserver/Map/Shout02",
                 "stream" : true
            }
        ]
    },
    "wei.map.shout03": {
        "category" : "record",
        "sounds" : [
            {
                 "name" : "weiserver/Map/Shout03",
                 "stream" : true
            }
        ]
    },
    "wei.map.shout04": {
        "category" : "record",
        "sounds" : [
            {
                 "name" : "weiserver/Map/Shout04",
                 "stream" : true
            }
        ]
    },
    "wei.map.shout05": {
        "category" : "record",
        "sounds" : [
            {
                 "name" : "weiserver/Map/Shout05",
                 "stream" : true
            }
        ]
    },
    "wei.map.shout06": {
        "category" : "record",
        "sounds" : [
            {
                 "name" : "weiserver/Map/Shout06",
                 "stream" : true
            }
        ]
    },
    "wei.map.talk01": {
        "category" : "record",
        "sounds" : [
            {
                 "name" : "weiserver/Map/Talk01",
                 "stream" : true
            }
        ]
    },
    "wei.map.talk02": {
        "category" : "record",
        "sounds" : [
            {
                 "name" : "weiserver/Map/Talk02",
                 "stream" : true
            }
        ]
    },
    "wei.map.talk03": {
        "category" : "record",
        "sounds" : [
            {
                 "name" : "weiserver/Map/Talk03",
                 "stream" : true
            }
        ]
    },
    "wei.map.talk04": {
        "category" : "record",
        "sounds" : [
            {
                 "name" : "weiserver/Map/Talk04",
                 "stream" : true
            }
        ]
    },
    "wei.npc.npc1.0": {
        "category" : "record",
        "sounds" : [
            {
                 "name" : "weiserver/npc/npc1/0",
                 "stream" : true
            }
        ]
    },
    "wei.npc.npc1.1": {
        "category" : "record",
        "sounds" : [
            {
                 "name" : "weiserver/npc/npc1/1",
                 "stream" : true
            }
        ]
    },
    "wei.npc.npc1.2": {
        "category" : "record",
        "sounds" : [
            {
                 "name" : "weiserver/npc/npc1/2",
                 "stream" : true
            }
        ]
    },
    "wei.npc.npc1.3": {
        "category" : "record",
        "sounds" : [
            {
                 "name" : "weiserver/npc/npc1/3",
                 "stream" : true
            }
        ]
    },
    "wei.npc.npc1.4": {
        "category" : "record",
        "sounds" : [
            {
                 "name" : "weiserver/npc/npc1/4",
                 "stream" : true
            }
        ]
    },
    "wei.death.death01": {
        "category" : "record",
        "sounds" : [
            {
                 "name" : "weiserver/death/Death01",
                 "stream" : false
            }
        ]
    },
    "wei.talk.server": {
        "category" : "record",
        "sounds" : [
            {
                 "name" : "servertalk/SERVER",
                 "stream" : true
            }
        ]
    },
    "wei.talk.server2": {
        "category" : "record",
        "sounds" : [
            {
                 "name" : "servertalk/SERVER_2",
                 "stream" : false
            }
        ]
    }
}